,Unnamed: 0,datetime,name,tempmax,tempmin,temp,feelslikemax,feelslikemin,feelslike,dew,humidity,precip,precipprob,precipcover,preciptype,snow,snowdepth,windgust,windspeed,winddir,sealevelpressure,cloudcover,visibility,solarradiation,solarenergy,uvindex,severerisk,sunrise,sunset,moonphase,conditions,description,icon,stations
513,513,2014,Beijing,42.0,19.8,30.4,39.0,19.8,29.3,10.1,33.6,0.0,0,0.0,,,,,21.6,13.5,997.7,27.9,15.4,338.6,29.2,10,,2014-05-29T04:49:42,2014-05-29T19:34:19,0.0,Partially cloudy,Partly cloudy throughout the day.,partly-cloudy-day,"ZBAA,54511099999"
3838,3838,2023,Beijing,42.0,19.0,31.6,40.6,19.0,30.9,54.9,36.7,0.0,0,0.0,,0.0,0.0,29.4,15.7,188.1,990.2,29.7,7.4,310.5,27.0,10,10.0,2023-07-06T04:52:02,2023-07-06T19:46:05,0.59,Partially cloudy,Becoming cloudy in the afternoon.,partly-cloudy-day,"ZBAA,54511099999"
3824,3824,2023,Beijing,41.0,20.0,32.3,39.2,20.0,31.3,53.4,33.7,0.0,0,0.0,,0.0,0.0,25.7,11.2,155.8,1003.4,12.7,7.6,349.3,30.1,10,10.0,2023-06-22T04:46:15,2023-06-22T19:46:31,0.13,Clear,Clear conditions throughout the day.,clear-day,"ZBAA,54511099999"
3833,3833,2023,Beijing,41.0,24.0,33.0,40.1,24.0,32.7,58.6,36.4,0.0,0,0.0,,0.0,0.0,30.6,17.9,174.2,1000.6,73.4,7.4,301.5,26.2,9,10.0,2023-07-01T04:49:24,2023-07-01T19:46:58,0.42,Partially cloudy,Partly cloudy throughout the day.,partly-cloudy-day,"ZBAA,54511099999"
2005,2005,2018,Beijing,40.2,20.0,30.0,38.5,20.0,29.1,12.5,39.0,5.0,100,4.17,rain,0.0,0.0,32.4,39.6,140.2,998.0,51.4,12.0,317.3,27.6,9,,2018-06-29T04:48:33,2018-06-29T19:47:01,0.53,"Rain, Partially cloudy",Partly cloudy throughout the day with late afternoon rain.,precipitation,"ZBAA,54511099999"
3826,3826,2023,Beijing,40.0,25.0,33.0,38.2,25.0,32.6,57.6,37.6,0.0,0,0.0,,0.0,0.0,26.8,22.4,168.9,1006.1,18.9,7.2,348.7,30.1,10,10.0,2023-06-24T04:46:46,2023-06-24T19:46:51,0.2,Clear,Clear conditions throughout the day.,clear-day,"ZBAA,54511099999"
3837,3837,2023,Beijing,40.0,20.0,30.6,37.5,20.0,29.7,56.5,49.1,0.0,0,0.0,,0.0,0.0,29.1,17.9,274.1,990.6,6.9,6.7,350.5,30.3,10,10.0,2023-07-05T04:51:28,2023-07-05T19:46:19,0.56,Clear,Clear conditions throughout the day.,clear-day,"ZBAA,54511099999"
923,923,2015,Beijing,40.0,24.0,32.4,39.5,24.0,32.3,16.4,43.5,0.0,0,0.0,,,,,21.6,180.1,997.5,50.7,9.9,268.5,23.1,9,,2015-07-13T04:56:29,2015-07-13T19:43:24,0.9,Partially cloudy,Partly cloudy throughout the day.,partly-cloudy-day,"ZBAA,54511099999"
3832,3832,2023,Beijing,40.0,21.7,31.2,39.9,21.7,31.6,62.3,46.2,0.0,0,0.0,,0.0,0.0,27.7,13.4,162.5,998.3,9.3,7.1,349.1,30.1,10,10.0,2023-06-30T04:48:57,2023-06-30T19:47:03,0.39,Clear,Clear conditions throughout the day.,clear-day,"ZBAA,54511099999"
3825,3825,2023,Beijing,40.0,24.0,32.1,39.9,24.0,32.4,60.1,39.5,0.0,0,0.0,,0.0,0.0,27.7,13.4,142.7,1004.0,29.9,7.2,342.9,29.6,10,10.0,2023-06-23T04:46:30,2023-06-23T19:46:42,0.16,Partially cloudy,Becoming cloudy in the afternoon.,partly-cloudy-day,"ZBAA,54511099999"
1981,1981,2018,Beijing,40.0,19.0,30.5,37.0,19.0,29.1,6.9,26.2,0.0,0,0.0,,0.0,0.0,50.4,32.4,181.4,1000.2,38.1,10.9,328.8,28.5,9,,2018-06-05T04:46:48,2018-06-05T19:39:17,0.72,Partially cloudy,Partly cloudy throughout the day.,partly-cloudy-day,"ZBAA,54511099999"
2392,2392,2019,Beijing,40.0,25.0,31.6,47.1,25.0,35.4,23.2,64.5,0.0,0,0.0,,0.0,0.0,39.6,21.6,190.5,1001.5,64.8,7.0,273.0,23.8,9,,2019-07-21T05:02:43,2019-07-21T19:38:31,0.64,Partially cloudy,Partly cloudy throughout the day.,partly-cloudy-day,"ZBAA,54511099999"
3818,3818,2023,Beijing,40.0,21.0,31.8,39.4,21.0,31.8,60.1,42.1,0.0,0,0.0,,0.0,0.0,22.4,15.7,186.7,1006.1,30.8,6.2,342.6,29.5,10,10.0,2023-06-16T04:45:27,2023-06-16T19:44:50,0.93,Partially cloudy,Becoming cloudy in the afternoon.,partly-cloudy-day,"ZBAA,54511099999"
3834,3834,2023,Beijing,39.0,23.9,31.8,39.8,23.9,32.9,63.9,45.2,0.0,0,0.0,,0.0,0.0,22.4,11.2,143.6,1003.0,70.8,6.6,322.3,27.9,9,10.0,2023-07-02T04:49:53,2023-07-02T19:46:51,0.46,Partially cloudy,Partly cloudy throughout the day.,partly-cloudy-day,"ZBAA,54511099999"
3823,3823,2023,Beijing,39.0,17.0,29.1,37.4,17.0,28.2,54.4,43.0,0.0,0,0.0,,0.0,0.0,24.4,11.2,183.2,1003.9,0.5,6.2,352.8,30.5,10,10.0,2023-06-21T04:46:03,2023-06-21T19:46:19,0.1,Clear,Clear conditions throughout the day.,clear-day,"ZBAA,54511099999"
1627,1627,2017,Beijing,39.0,21.0,31.2,36.9,21.0,30.0,11.2,32.6,0.0,0,0.0,,,,43.2,28.8,200.1,1004.2,35.0,10.1,317.7,27.4,9,,2017-06-16T04:45:25,2017-06-16T19:44:55,0.73,Partially cloudy,Partly cloudy throughout the day.,partly-cloudy-day,"ZBAA,54511099999"
3841,3841,2023,Beijing,39.0,24.0,32.3,38.0,24.0,31.9,58.5,37.3,0.0,0,0.0,,0.0,0.0,31.3,15.7,286.5,998.3,16.1,8.0,293.3,25.4,9,10.0,2023-07-09T04:53:52,2023-07-09T19:45:09,0.7,Clear,Clear conditions throughout the day.,clear-day,"ZBAA,54511099999"
3842,3842,2023,Beijing,39.0,24.0,32.1,41.8,24.0,33.7,65.8,46.9,0.0,0,0.0,,0.0,0.0,29.1,17.9,116.9,998.5,41.4,7.5,312.4,26.9,9,10.0,2023-07-10T04:54:31,2023-07-10T19:44:47,0.75,Partially cloudy,Partly cloudy throughout the day.,partly-cloudy-day,"ZBAA,54511099999"
922,922,2015,Beijing,39.0,24.0,30.0,40.4,24.0,31.4,19.9,58.2,0.0,0,0.0,,,,,17.7,80.5,999.7,19.0,6.9,292.5,25.2,8,,2015-07-12T04:55:47,2015-07-12T19:43:52,0.86,Clear,Clear conditions throughout the day.,clear-day,"ZBAA,54511099999"
2375,2375,2019,Beijing,39.0,22.6,31.6,38.6,22.6,31.6,15.2,39.4,0.0,0,0.0,,0.0,0.0,28.8,21.6,174.1,1000.9,44.8,11.5,326.2,28.3,9,,2019-07-04T04:50:51,2019-07-04T19:46:29,0.05,Partially cloudy,Partly cloudy throughout the day.,partly-cloudy-day,"ZBAA,54511099999"
1626,1626,2017,Beijing,39.0,18.0,30.2,36.9,18.0,29.0,9.9,32.8,0.0,0,0.0,,,,36.0,21.6,217.1,1005.7,60.7,10.5,318.8,27.4,9,,2017-06-15T04:45:23,2017-06-15T19:44:33,0.69,Partially cloudy,Partly cloudy throughout the day.,partly-cloudy-day,"ZBAA,54511099999"
3462,3462,2022,Beijing,38.2,20.0,29.9,41.2,20.0,31.3,65.0,52.9,0.0,0,0.0,,0.0,0.0,22.4,17.9,105.8,994.4,58.8,7.2,296.4,25.6,9,10.0,2022-06-25T04:47:07,2022-06-25T19:46:58,0.86,Partially cloudy,Partly cloudy throughout the day.,partly-cloudy-day,"ZBAA,54511099999"
543,543,2014,Beijing,38.0,18.0,29.4,36.6,18.0,28.7,12.9,39.8,0.0,0,0.0,,,,,18.0,13.7,1005.2,19.8,17.2,353.4,30.5,10,,2014-06-28T04:48:08,2014-06-28T19:47:02,0.03,Clear,Clear conditions throughout the day.,clear-day,"ZBAA,54511099999"
2761,2761,2020,Beijing,38.0,22.0,31.0,38.1,22.0,31.3,17.1,48.6,0.0,0,0.0,,0.0,0.0,23.5,14.4,254.8,1006.8,37.4,11.9,325.1,27.9,9,,2020-07-24T05:05:54,2020-07-24T19:35:34,0.12,Partially cloudy,Partly cloudy throughout the day.,partly-cloudy-day,"ZBAA,54511099999"
3817,3817,2023,Beijing,38.0,20.0,29.2,38.1,20.0,29.6,61.7,49.1,0.0,0,0.0,,0.0,0.0,21.9,11.2,134.1,1004.0,21.7,6.2,346.3,30.0,10,10.0,2023-06-15T04:45:25,2023-06-15T19:44:27,0.89,Partially cloudy,Partly cloudy throughout the day.,partly-cloudy-day,"ZBAA,54511099999"
3819,3819,2023,Beijing,38.0,23.0,31.0,38.6,23.0,31.6,62.5,45.1,0.0,0,0.0,,0.0,0.0,24.6,13.4,137.8,1007.7,47.3,6.2,333.8,29.0,9,10.0,2023-06-17T04:45:30,2023-06-17T19:45:11,0.96,Partially cloudy,Partly cloudy throughout the day.,partly-cloudy-day,"ZBAA,54511099999"
1651,1651,2017,Beijing,38.0,22.0,29.5,37.3,22.0,30.4,18.7,56.0,0.0,0,0.0,,,,,28.8,111.3,997.5,10.2,11.8,350.3,30.2,10,,2017-07-10T04:54:46,2017-07-10T19:44:31,0.53,Clear,Clear conditions throughout the day.,clear-day,"ZBAA,54511099999"
2715,2715,2020,Beijing,38.0,21.0,30.4,36.1,21.0,29.5,13.6,42.5,0.0,0,0.0,,0.0,0.0,48.7,32.4,195.2,1006.0,52.6,9.8,217.5,18.8,7,,2020-06-08T04:45:57,2020-06-08T19:41:25,0.58,Partially cloudy,Partly cloudy throughout the day.,partly-cloudy-day,"ZBAA,54511099999"
208,208,2013,Beijing,38.0,22.9,30.0,38.1,22.9,30.8,19.4,58.9,0.0,0,0.0,,,,32.4,18.0,260.6,999.7,34.8,11.9,324.6,28.0,9,,2013-07-28T05:09:07,2013-07-28T19:32:13,0.68,Partially cloudy,Partly cloudy throughout the day.,partly-cloudy-day,"ZBAA,remote,54511099999"
1996,1996,2018,Beijing,38.0,20.0,28.8,35.6,20.0,28.1,13.9,50.2,0.0,0,0.0,,0.0,0.0,,18.0,190.9,1003.7,24.2,9.5,346.5,30.1,10,,2018-06-20T04:45:51,2018-06-20T19:46:03,0.25,Partially cloudy,Partly cloudy throughout the day.,partly-cloudy-day,"ZBAA,54511099999"
2722,2722,2020,Beijing,38.0,17.0,29.8,35.3,17.0,28.4,8.3,30.7,0.0,0,0.0,,0.0,0.0,25.2,14.4,190.8,1005.5,38.5,12.0,280.2,24.1,10,,2020-06-15T04:45:25,2020-06-15T19:44:41,0.8,Partially cloudy,Becoming cloudy in the afternoon.,partly-cloudy-day,"ZBAA,54511099999"
2374,2374,2019,Beijing,38.0,19.0,29.2,36.9,19.0,28.7,15.1,50.0,0.0,0,0.0,,0.0,0.0,32.4,18.0,193.6,1005.8,7.9,12.1,330.2,28.5,9,,2019-07-03T04:50:20,2019-07-03T19:46:39,0.0,Clear,Clear conditions throughout the day.,clear-day,"ZBAA,54511099999"
2040,2040,2018,Beijing,38.0,27.0,32.1,47.6,31.2,38.2,24.5,66.2,0.0,0,0.0,,0.0,0.0,,18.0,154.8,1004.6,10.8,8.7,292.4,25.3,9,,2018-08-03T05:14:24,2018-08-03T19:26:20,0.72,Clear,Clear conditions throughout the day.,clear-day,"ZBAA,54511099999"
3461,3461,2022,Beijing,38.0,19.8,30.3,36.3,19.8,29.7,57.3,42.4,0.0,0,0.0,,0.0,0.0,26.8,15.7,277.5,997.0,1.3,8.0,348.2,30.1,10,10.0,2022-06-24T04:46:49,2022-06-24T19:46:51,0.83,Clear,Clear conditions throughout the day.,clear-day,"ZBAA,54511099999"
3831,3831,2023,Beijing,38.0,19.0,28.9,36.6,19.0,28.6,60.8,54.0,0.0,0,0.0,,0.0,0.0,22.8,13.4,197.3,999.7,7.8,7.0,353.9,30.6,10,10.0,2023-06-29T04:48:31,2023-06-29T19:47:06,0.36,Clear,Clear conditions throughout the day.,clear-day,"ZBAA,54511099999"
2365,2365,2019,Beijing,38.0,21.0,30.0,36.6,21.0,29.6,14.5,43.0,0.0,0,0.0,,0.0,0.0,,25.2,160.5,1006.3,54.4,10.9,317.1,27.4,9,,2019-06-24T04:46:43,2019-06-24T19:46:47,0.72,Partially cloudy,Partly cloudy throughout the day.,partly-cloudy-day,"ZBAA,54511099999"
1676,1676,2017,Beijing,38.0,25.0,30.9,40.8,25.0,33.1,21.5,62.5,0.0,0,0.0,,,,43.2,25.2,333.4,1000.1,21.2,10.4,303.8,26.3,9,,2017-08-04T05:15:33,2017-08-04T19:24:57,0.38,Partially cloudy,Partly cloudy throughout the day.,partly-cloudy-day,"ZBAA,54511099999"
2003,2003,2018,Beijing,38.0,22.6,30.8,36.3,22.6,30.1,14.3,45.1,0.0,0,0.0,,0.0,0.0,43.2,25.2,340.1,998.1,20.0,11.1,340.6,29.4,10,,2018-06-27T04:47:46,2018-06-27T19:47:01,0.46,Clear,Partly cloudy throughout the day.,clear-day,"ZBAA,54511099999"
2004,2004,2018,Beijing,38.0,22.0,30.4,35.7,22.0,29.4,11.1,33.7,0.0,0,0.0,,0.0,0.0,39.6,21.6,358.2,999.6,20.9,12.7,351.5,30.5,10,,2018-06-28T04:48:09,2018-06-28T19:47:02,0.5,Partially cloudy,Partly cloudy throughout the day.,partly-cloudy-day,"ZBAA,54511099999"
1620,1620,2017,Beijing,38.0,16.0,27.7,35.7,16.0,26.7,9.8,39.5,0.0,0,0.0,,,,54.0,32.4,183.5,1002.0,39.6,11.3,342.4,29.4,10,,2017-06-09T04:45:48,2017-06-09T19:41:46,0.5,Partially cloudy,Becoming cloudy in the afternoon.,partly-cloudy-day,"ZBAA,54511099999"
2361,2361,2019,Beijing,38.0,22.0,28.0,38.6,22.0,28.7,18.7,60.2,0.0,0,0.0,,0.0,0.0,54.0,18.5,126.6,1003.7,46.9,8.1,217.3,18.8,7,,2019-06-20T04:45:49,2019-06-20T19:46:01,0.59,Partially cloudy,Partly cloudy throughout the day.,partly-cloudy-day,"ZBAA,54511099999"
555,555,2014,Beijing,38.0,21.9,29.9,36.6,21.9,29.3,15.0,45.7,0.0,0,0.0,,,,,21.6,216.8,999.7,23.5,23.6,329.5,28.4,10,,2014-07-10T04:54:35,2014-07-10T19:44:37,0.42,Partially cloudy,Partly cloudy throughout the day.,partly-cloudy-day,"ZBAA,54511099999"
204,204,2013,Beijing,37.3,21.1,30.0,36.5,21.1,30.1,17.0,52.8,0.0,0,0.0,,,,,25.2,320.8,999.2,41.1,17.1,304.6,26.1,9,,2013-07-24T05:05:37,2013-07-24T19:35:47,0.55,Partially cloudy,Becoming cloudy in the afternoon.,partly-cloudy-day,"ZBAA,54511099999"
2041,2041,2018,Beijing,37.0,27.0,32.1,44.5,30.6,38.6,24.7,66.3,0.0,0,0.0,,0.0,0.0,,14.4,145.4,1004.0,17.1,8.7,281.9,24.4,8,,2018-08-04T05:15:20,2018-08-04T19:25:14,0.75,Clear,Clear conditions throughout the day.,clear-day,"ZBAA,54511099999"
2037,2037,2018,Beijing,37.0,27.0,31.8,46.0,30.9,38.3,25.1,69.7,0.0,0,0.0,,0.0,0.0,,21.6,152.1,1005.1,19.5,7.9,301.2,26.2,9,,2018-07-31T05:11:39,2018-07-31T19:29:30,0.61,Clear,Clear conditions throughout the day.,clear-day,"ZBAA,54511099999"
1650,1650,2017,Beijing,37.0,25.0,30.3,40.6,25.0,33.5,22.5,66.6,0.0,0,0.0,,,,54.0,27.4,169.9,997.5,42.2,8.3,313.9,27.1,9,,2017-07-09T04:54:06,2017-07-09T19:44:54,0.5,Partially cloudy,Partly cloudy throughout the day.,partly-cloudy-day,"ZBAA,54511099999"
1608,1608,2017,Beijing,37.0,18.0,27.7,35.8,18.0,27.7,14.9,48.9,0.0,0,0.0,,,,39.6,21.6,81.2,1005.0,33.5,8.0,298.1,25.7,9,,2017-05-28T04:50:05,2017-05-28T19:33:44,0.08,Partially cloudy,Partly cloudy throughout the day.,partly-cloudy-day,"ZBAA,54511099999"
1625,1625,2017,Beijing,37.0,16.0,27.5,34.9,16.0,26.5,10.7,42.6,0.0,0,0.0,,,,32.4,18.0,239.4,1010.5,33.1,11.0,348.0,30.3,10,,2017-06-14T04:45:22,2017-06-14T19:44:09,0.66,Partially cloudy,Becoming cloudy in the afternoon.,partly-cloudy-day,"ZBAA,54511099999"
2039,2039,2018,Beijing,37.0,27.0,31.7,46.0,31.2,38.7,25.3,71.0,0.0,0,0.0,,0.0,0.0,,10.8,138.5,1005.7,16.7,7.7,282.3,24.4,9,,2018-08-02T05:13:29,2018-08-02T19:27:25,0.68,Clear,Clear conditions throughout the day.,clear-day,"ZBAA,54511099999"
3091,3091,2021,Beijing,37.0,16.0,28.6,34.2,16.0,27.1,37.2,24.4,0.0,0,0.0,,0.0,0.0,33.6,24.6,306.7,997.5,21.9,7.6,362.5,31.6,10,,2021-06-19T04:45:46,2021-06-19T19:45:55,0.3,Partially cloudy,Partly cloudy throughout the day.,partly-cloudy-day,"ZBAA,54511099999"
3439,3439,2022,Beijing,37.0,15.0,27.1,34.9,15.0,26.3,50.5,38.7,0.0,0,0.0,,0.0,0.0,26.2,13.4,146.2,1001.7,34.5,7.1,345.5,29.7,10,10.0,2022-06-02T04:47:52,2022-06-02T19:37:21,0.09,Partially cloudy,Becoming cloudy in the afternoon.,partly-cloudy-day,"ZBAA,54511099999"
1272,1272,2016,Beijing,37.0,20.0,29.0,36.7,20.0,28.3,12.4,40.8,0.0,0,0.0,,,,,28.8,197.5,1004.9,83.1,10.5,197.3,17.0,6,,2016-06-26T04:47:35,2016-06-26T19:47:00,0.7,Partially cloudy,Partly cloudy throughout the day.,partly-cloudy-day,"ZBAA,54511099999"
2710,2710,2020,Beijing,37.0,17.0,27.0,34.3,17.0,25.9,8.7,41.0,0.0,0,0.0,,0.0,0.0,61.2,43.2,321.1,997.5,1.0,9.8,348.0,30.0,10,,2020-06-03T04:47:17,2020-06-03T19:38:20,0.41,Clear,Clear conditions throughout the day.,clear-day,"ZBAA,54511099999"
2723,2723,2020,Beijing,37.0,22.0,29.2,34.6,22.0,28.3,11.4,36.3,0.0,0,0.0,,0.0,0.0,39.6,23.6,175.7,1004.4,87.8,11.0,204.0,17.6,6,,2020-06-16T04:45:28,2020-06-16T19:45:03,0.83,Partially cloudy,Partly cloudy throughout the day.,partly-cloudy-day,"ZBAA,54511099999"
220,220,2013,Beijing,37.0,21.0,28.8,38.1,21.0,29.9,18.8,58.1,0.0,0,0.0,,,,,14.4,268.2,1000.5,12.2,21.9,292.1,25.3,9,,2013-08-09T05:20:12,2013-08-09T19:19:06,0.08,Clear,Clear conditions throughout the day.,clear-day,"ZBAA,54511099999"
2441,2441,2019,Beijing,37.0,20.0,28.2,36.5,20.0,28.2,16.7,55.1,0.0,0,0.0,,0.0,0.0,,18.0,98.1,1004.3,25.1,10.8,235.0,20.4,8,,2019-09-08T05:48:05,2019-09-08T18:35:57,0.3,Partially cloudy,Clearing in the afternoon.,partly-cloudy-day,"ZBAA,54511099999"
3503,3503,2022,Beijing,37.0,24.0,30.3,44.7,24.0,35.3,76.6,75.4,0.0,0,0.0,,0.0,0.0,26.8,6.7,130.8,1002.3,8.2,6.4,308.0,26.6,9,60.0,2022-08-05T05:16:20,2022-08-05T19:24:08,0.25,Clear,Clear conditions throughout the day.,clear-day,"ZBAA,54511099999"
2333,2333,2019,Beijing,37.0,16.0,26.9,35.6,16.0,26.2,11.4,42.6,0.0,0,0.0,,0.0,0.0,,18.0,143.3,1002.9,21.0,11.1,342.6,29.4,10,,2019-05-23T04:53:34,2019-05-23T19:29:14,0.64,Partially cloudy,Partly cloudy throughout the day.,partly-cloudy-day,"ZBAA,54511099999"
3484,3484,2022,Beijing,37.0,23.4,30.3,37.4,23.4,31.2,67.3,59.0,0.0,0,0.0,,0.0,0.0,22.4,13.4,287.3,997.9,31.9,6.7,327.8,28.2,9,10.0,2022-07-17T04:59:45,2022-07-17T19:41:05,0.61,Partially cloudy,Clearing in the afternoon.,partly-cloudy-day,"ZBAA,54511099999"
3482,3482,2022,Beijing,37.0,22.0,29.9,36.9,22.0,30.8,66.2,56.3,0.0,0,0.0,,0.0,0.0,24.6,11.2,232.5,1000.7,70.9,7.6,314.6,27.2,9,10.0,2022-07-15T04:58:14,2022-07-15T19:42:16,0.55,Partially cloudy,Partly cloudy throughout the day.,partly-cloudy-day,"ZBAA,54511099999"
1289,1289,2016,Beijing,37.0,22.0,30.0,36.5,22.0,30.2,17.7,53.1,0.0,0,0.0,,,,,14.4,100.5,1003.8,29.8,11.7,313.9,27.1,9,,2016-07-13T04:57:03,2016-07-13T19:43:02,0.28,Partially cloudy,Partly cloudy throughout the day.,partly-cloudy-day,"ZBAA,54511099999"
1286,1286,2016,Beijing,37.0,25.4,31.2,40.1,25.4,34.0,21.6,59.1,0.0,0,0.0,,,,32.4,18.0,183.6,1002.1,20.2,7.7,313.6,27.1,9,,2016-07-10T04:54:56,2016-07-10T19:44:25,0.18,Partially cloudy,Partly cloudy throughout the day.,partly-cloudy-day,"ZBAA,remote,54511099999"
2402,2402,2019,Beijing,37.0,22.8,29.6,38.0,22.8,31.2,20.2,60.5,0.0,0,0.0,,0.0,0.0,,21.6,138.1,1003.1,7.3,11.9,299.0,25.9,9,,2019-07-31T05:11:26,2019-07-31T19:29:46,0.97,Clear,Clear conditions throughout the day.,clear-day,"ZBAA,54511099999"
564,564,2014,Beijing,37.0,26.0,31.6,42.1,26.0,36.2,23.3,63.1,0.0,0,0.0,,,,,18.0,167.2,1007.9,19.1,8.8,303.7,26.2,9,,2014-07-19T05:01:15,2014-07-19T19:39:46,0.75,Clear,Clear conditions throughout the day.,clear-day,"ZBAA,54511099999"
2398,2398,2019,Beijing,37.0,27.0,31.8,44.6,31.2,37.9,24.6,67.8,0.0,0,0.0,,0.0,0.0,,18.0,120.0,1000.4,23.7,6.8,291.4,25.2,9,,2019-07-27T05:07:51,2019-07-27T19:33:36,0.84,Partially cloudy,Partly cloudy throughout the day.,partly-cloudy-day,"ZBAA,54511099999"
2396,2396,2019,Beijing,37.0,25.0,31.5,41.0,25.0,34.9,21.7,57.7,0.0,0,0.0,,0.0,0.0,43.2,25.2,153.6,999.8,35.7,12.5,275.8,23.7,9,,2019-07-25T05:06:06,2019-07-25T19:35:21,0.75,Partially cloudy,Clearing in the afternoon.,partly-cloudy-day,"ZBAA,54511099999"
2772,2772,2020,Beijing,37.0,22.0,29.6,38.9,22.0,31.3,20.1,59.9,0.0,0,0.0,,0.0,0.0,18.0,10.8,84.5,1002.8,63.7,12.2,276.0,24.0,9,,2020-08-04T05:15:50,2020-08-04T19:24:41,0.52,Partially cloudy,Partly cloudy throughout the day.,partly-cloudy-day,"ZBAA,54511099999"
2364,2364,2019,Beijing,37.0,23.5,29.3,37.4,23.5,29.4,15.6,44.4,0.0,0,0.0,,0.0,0.0,,18.0,132.7,1007.9,80.9,10.8,290.2,25.2,9,,2019-06-23T04:46:27,2019-06-23T19:46:38,0.69,Partially cloudy,Partly cloudy throughout the day.,partly-cloudy-day,"ZBAA,54511099999"
2038,2038,2018,Beijing,37.0,27.0,32.0,47.6,31.2,39.6,25.7,71.2,0.0,0,0.0,,0.0,0.0,,10.8,94.2,1005.3,16.4,8.1,288.0,24.8,8,,2018-08-01T05:12:34,2018-08-01T19:28:28,0.65,Clear,Clear conditions throughout the day.,clear-day,"ZBAA,54511099999"
3851,3851,2023,Beijing,37.0,23.0,30.0,39.3,23.0,31.2,66.7,55.6,0.0,0,0.0,,0.0,0.0,20.1,11.2,189.0,1006.6,17.0,6.4,327.9,28.2,9,10.0,2023-07-19T05:01:10,2023-07-19T19:39:58,0.05,Clear,Clear conditions throughout the day.,clear-day,"ZBAA,54511099999"
512,512,2014,Beijing,37.0,15.0,28.2,34.5,15.0,27.0,6.8,30.0,0.0,0,0.0,,,,50.4,32.4,204.8,1000.4,18.8,19.4,349.4,30.1,10,,2014-05-28T04:50:14,2014-05-28T19:33:32,0.98,Clear,Clear conditions throughout the day.,clear-day,"ZBAA,54511099999"
3850,3850,2023,Beijing,37.0,24.0,30.1,39.3,24.0,31.3,66.4,53.8,0.0,0,0.0,,0.0,0.0,22.4,11.2,155.0,1009.7,0.2,6.7,328.9,28.3,9,10.0,2023-07-18T05:00:22,2023-07-18T19:40:37,0.0,Clear,Clear conditions throughout the day.,clear-day,"ZBAA,54511099999"
3083,3083,2021,Beijing,37.0,17.0,27.8,34.6,17.0,26.9,54.2,46.9,0.0,0,0.0,,0.0,0.0,20.1,13.4,197.9,1006.7,52.4,7.2,301.7,25.9,9,,2021-06-11T04:45:33,2021-06-11T19:42:52,0.02,Partially cloudy,Partly cloudy throughout the day.,partly-cloudy-day,"ZBAA,54511099999"
3809,3809,2023,Beijing,37.0,21.3,28.7,34.9,21.3,28.0,51.3,34.8,0.0,0,0.0,,0.0,0.0,30.6,12.5,86.5,998.6,26.1,7.7,310.5,26.7,10,10.0,2023-06-07T04:46:21,2023-06-07T19:40:27,0.61,Partially cloudy,Partly cloudy throughout the day.,partly-cloudy-day,"ZBAA,54511099999"
3808,3808,2023,Beijing,37.0,23.0,29.7,34.2,23.0,28.3,40.7,21.7,0.0,0,0.0,,0.0,0.0,28.4,20.1,266.3,1003.7,0.5,8.1,353.7,30.6,10,10.0,2023-06-06T04:46:36,2023-06-06T19:39:51,0.57,Clear,Clear conditions throughout the day.,clear-day,"ZBAA,54511099999"
3084,3084,2021,Beijing,37.0,19.0,29.1,37.4,19.0,29.4,60.8,48.0,0.0,0,0.0,,0.0,0.0,20.1,11.2,161.2,1007.3,62.0,6.7,255.8,22.1,9,,2021-06-12T04:45:28,2021-06-12T19:43:21,0.06,Partially cloudy,Becoming cloudy in the afternoon.,partly-cloudy-day,"ZBAA,54511099999"
3840,3840,2023,Beijing,37.0,25.0,31.8,36.6,25.0,31.4,57.8,37.2,0.0,0,0.0,,0.0,0.0,35.8,17.9,295.9,996.9,46.0,8.2,280.2,24.3,9,10.0,2023-07-08T04:53:14,2023-07-08T19:45:30,0.66,Partially cloudy,Partly cloudy throughout the day.,partly-cloudy-day,"ZBAA,54511099999"
3839,3839,2023,Beijing,37.0,24.0,31.2,37.4,24.0,31.3,60.1,41.6,0.0,0,0.0,,0.0,0.0,29.1,17.9,300.0,993.4,53.0,7.7,239.6,20.8,9,30.0,2023-07-07T04:52:37,2023-07-07T19:45:48,0.63,Partially cloudy,Partly cloudy throughout the day.,partly-cloudy-day,"ZBAA,54511099999"
1999,1999,2018,Beijing,37.0,21.0,29.3,36.5,21.0,29.4,17.1,51.7,0.0,0,0.0,,0.0,0.0,,14.4,167.2,1001.0,19.4,9.4,320.6,27.6,9,,2018-06-23T04:46:30,2018-06-23T19:46:39,0.32,Clear,Clear conditions throughout the day.,clear-day,"ZBAA,54511099999"
3807,3807,2023,Beijing,37.0,16.0,28.2,34.2,16.0,27.2,49.7,38.0,0.0,0,0.0,,0.0,0.0,24.6,20.1,262.9,1004.8,29.8,7.3,350.6,30.3,10,10.0,2023-06-05T04:46:54,2023-06-05T19:39:13,0.54,Partially cloudy,Partly cloudy throughout the day.,partly-cloudy-day,"ZBAA,54511099999"
3829,3829,2023,Beijing,37.0,19.0,28.6,38.0,19.0,29.0,64.4,58.4,0.0,0,0.0,,0.0,0.0,22.4,11.2,192.3,1000.7,44.8,7.0,334.8,29.0,10,10.0,2023-06-27T04:47:44,2023-06-27T19:47:05,0.29,Partially cloudy,Partly cloudy throughout the day.,partly-cloudy-day,"ZBAA,54511099999"
1599,1599,2017,Beijing,37.0,21.9,29.2,36.2,21.9,29.4,16.5,49.6,0.0,0,0.0,,,,39.6,23.5,174.4,1006.3,37.3,8.3,237.1,20.6,6,,2017-05-19T04:56:14,2017-05-19T19:26:07,0.75,Partially cloudy,Partly cloudy throughout the day.,partly-cloudy-day,"ZBAA,54511099999"
2363,2363,2019,Beijing,37.0,19.0,28.4,35.3,19.0,27.8,13.1,43.3,0.0,0,0.0,,0.0,0.0,32.4,18.0,192.7,1008.7,25.0,11.8,331.6,28.7,9,,2019-06-22T04:46:13,2019-06-22T19:46:27,0.66,Partially cloudy,Partly cloudy throughout the day.,partly-cloudy-day,"ZBAA,54511099999"
1977,1977,2018,Beijing,37.0,16.0,27.3,34.2,16.0,26.2,7.7,36.1,0.0,0,0.0,,0.0,0.0,43.2,21.6,202.2,1012.6,38.2,11.1,339.4,29.4,10,,2018-06-01T04:48:15,2018-06-01T19:36:34,0.58,Partially cloudy,Becoming cloudy in the afternoon.,partly-cloudy-day,"ZBAA,54511099999"
1271,1271,2016,Beijing,36.8,17.0,28.9,34.6,17.0,27.9,9.6,32.9,0.0,0,0.0,,,,32.4,18.0,1.5,1006.5,34.4,12.1,339.7,29.4,10,,2016-06-25T04:47:14,2016-06-25T19:46:56,0.67,Partially cloudy,Partly cloudy throughout the day.,partly-cloudy-day,"ZBAA,54511099999"
3092,3092,2021,Beijing,36.7,17.0,29.0,34.2,17.0,27.6,43.7,27.3,0.0,0,0.0,,0.0,0.0,29.1,8.9,207.4,999.5,25.2,7.9,347.4,30.1,10,,2021-06-20T04:45:56,2021-06-20T19:46:10,0.34,Partially cloudy,Becoming cloudy in the afternoon.,partly-cloudy-day,"ZBAA,54511099999"
2771,2771,2020,Beijing,36.6,22.0,29.4,37.2,22.0,30.4,19.4,60.4,0.0,0,0.0,,0.0,0.0,25.7,21.6,292.7,1000.2,30.2,12.4,302.6,26.0,9,,2020-08-03T05:14:54,2020-08-03T19:25:48,0.5,Partially cloudy,Clearing in the afternoon.,partly-cloudy-day,"ZBAA,54511099999"
2395,2395,2019,Beijing,36.5,26.0,31.0,41.9,26.0,35.7,24.0,68.6,0.0,0,0.0,,0.0,0.0,,18.0,237.4,999.6,36.2,8.7,275.4,23.7,7,,2019-07-24T05:05:15,2019-07-24T19:36:11,0.74,Partially cloudy,Partly cloudy throughout the day.,partly-cloudy-day,"ZBAA,54511099999"
3816,3816,2023,Beijing,36.4,20.0,28.3,35.3,20.0,28.1,59.0,48.3,0.0,0,0.0,,0.0,0.0,21.7,11.2,142.9,1003.9,28.7,6.9,342.5,29.8,10,10.0,2023-06-14T04:45:26,2023-06-14T19:44:03,0.86,Partially cloudy,Clearing in the afternoon.,partly-cloudy-day,"ZBAA,54511099999"
184,184,2013,Beijing,36.2,23.0,28.7,37.5,23.0,29.1,18.2,56.4,0.0,0,0.0,,,,,21.6,2.0,993.9,49.1,23.0,266.1,23.0,8,,2013-07-04T04:51:05,2013-07-04T19:46:22,0.86,Partially cloudy,Partly cloudy throughout the day.,partly-cloudy-day,"ZBAA,54511099999"
183,183,2013,Beijing,36.1,22.0,30.4,38.4,22.0,31.3,18.6,52.9,0.0,0,0.0,,,,39.6,21.6,334.9,995.1,43.3,26.3,339.5,29.3,10,,2013-07-03T04:50:32,2013-07-03T19:46:33,0.83,Partially cloudy,Partly cloudy throughout the day.,partly-cloudy-day,"ZBAA,54511099999"
149,149,2013,Beijing,36.1,13.1,25.9,33.2,13.1,24.8,6.0,35.4,0.0,0,0.0,,,,46.8,32.4,215.8,1005.9,19.0,20.5,353.7,30.4,10,,2013-05-30T04:49:03,2013-05-30T19:35:15,0.67,Clear,Clear conditions throughout the day.,clear-day,"ZBAA,54511099999"
3474,3474,2022,Beijing,36.0,21.0,29.1,38.9,21.0,30.7,69.8,66.7,0.0,0,0.0,,0.0,0.0,18.1,6.7,95.7,1001.2,4.4,7.3,344.9,29.9,10,10.0,2022-07-07T04:52:46,2022-07-07T19:45:43,0.25,Clear,Clear conditions throughout the day.,clear-day,"ZBAA,54511099999"
3093,3093,2021,Beijing,36.0,20.0,28.6,34.8,20.0,27.9,52.6,36.6,0.0,0,0.0,,0.0,0.0,17.9,13.4,92.6,1001.7,30.8,7.3,328.5,28.4,10,,2021-06-21T04:46:07,2021-06-21T19:46:23,0.37,Partially cloudy,Clearing in the afternoon.,partly-cloudy-day,"ZBAA,54511099999"
1287,1287,2016,Beijing,36.0,26.0,31.4,38.9,26.0,34.1,21.2,56.2,0.0,0,0.0,,,,43.2,25.2,181.6,999.4,31.0,8.2,220.3,19.0,6,,2016-07-11T04:55:37,2016-07-11T19:43:59,0.22,Partially cloudy,Partly cloudy throughout the day.,partly-cloudy-day,"ZBAA,54511099999"
3848,3848,2023,Beijing,36.0,21.0,30.5,35.8,21.0,30.4,59.5,41.4,0.0,0,0.0,,0.0,0.0,29.1,11.2,303.5,1005.5,41.1,7.9,330.6,28.7,9,10.0,2023-07-16T04:58:49,2023-07-16T19:41:51,0.94,Partially cloudy,Clearing in the afternoon.,partly-cloudy-day,"ZBAA,54511099999"
2006,2006,2018,Beijing,36.0,21.0,28.1,38.1,21.0,28.6,17.5,55.3,0.3,100,4.17,rain,0.0,0.0,,32.4,86.8,1003.0,30.1,10.8,314.2,27.1,9,,2018-06-30T04:48:59,2018-06-30T19:46:58,0.57,"Rain, Partially cloudy",Partly cloudy throughout the day with late afternoon rain.,precipitation,"ZBAA,54511099999"
1285,1285,2016,Beijing,36.0,25.0,30.0,40.8,25.0,32.8,22.2,65.1,0.0,0,0.0,,,,,18.2,158.4,1004.5,34.4,7.8,277.9,24.0,8,,2016-07-09T04:54:16,2016-07-09T19:44:49,0.15,Partially cloudy,Partly cloudy throughout the day.,partly-cloudy-day,"ZBAA,54511099999"
924,924,2015,Beijing,36.0,24.0,30.3,36.3,24.0,30.4,16.9,47.4,0.3,100,8.33,rain,,,50.4,22.1,352.8,1003.0,58.9,10.7,272.6,23.5,8,,2015-07-14T04:57:13,2015-07-14T19:42:54,0.93,"Rain, Partially cloudy",Partly cloudy throughout the day with rain.,precipitation,"ZBAA,54511099999"
3481,3481,2022,Beijing,36.0,22.4,29.3,36.3,22.4,29.7,66.1,58.7,0.0,0,0.0,,0.0,0.0,17.9,11.2,16.7,1001.4,28.3,7.4,332.6,28.7,9,10.0,2022-07-14T04:57:29,2022-07-14T19:42:49,0.5,Partially cloudy,Partly cloudy throughout the day.,partly-cloudy-day,"ZBAA,54511099999"
565,565,2014,Beijing,36.0,26.8,31.6,41.9,29.1,36.3,23.2,62.2,0.0,0,0.0,,,,,21.8,177.7,1004.8,37.9,8.8,301.6,26.0,9,,2014-07-20T05:02:04,2014-07-20T19:39:04,0.77,Partially cloudy,Partly cloudy throughout the day.,partly-cloudy-day,"ZBAA,54511099999"
3849,3849,2023,Beijing,36.0,24.0,30.2,36.9,24.0,31.1,65.3,51.9,0.0,0,0.0,,0.0,0.0,18.6,13.4,142.9,1009.4,0.0,7.0,333.9,28.7,9,10.0,2023-07-17T04:59:35,2023-07-17T19:41:15,0.98,Clear,Clear conditions throughout the day.,clear-day,"ZBAA,54511099999"
1997,1997,2018,Beijing,36.0,19.0,29.0,34.3,19.0,28.3,12.7,39.9,0.0,0,0.0,,0.0,0.0,,14.4,117.5,1004.8,68.2,11.3,282.5,24.5,9,,2018-06-21T04:46:03,2018-06-21T19:46:17,0.26,Partially cloudy,Partly cloudy throughout the day.,partly-cloudy-day,"ZBAA,54511099999"
1976,1976,2018,Beijing,36.0,16.0,27.0,33.3,16.0,26.0,7.9,35.7,0.0,0,0.0,,0.0,0.0,,18.0,178.1,1013.3,7.5,10.9,335.3,28.9,10,,2018-05-31T04:48:42,2018-05-31T19:35:51,0.55,Clear,Clear conditions throughout the day.,clear-day,"ZBAA,54511099999"
2714,2714,2020,Beijing,36.0,17.0,27.1,36.8,17.0,27.4,14.6,48.5,0.0,0,0.0,,0.0,0.0,25.2,14.4,135.6,1004.6,54.4,11.4,296.5,25.7,9,,2020-06-07T04:46:09,2020-06-07T19:40:50,0.54,Partially cloudy,Partly cloudy throughout the day.,partly-cloudy-day,"ZBAA,54511099999"
1978,1978,2018,Beijing,36.0,18.0,27.7,33.8,18.0,26.7,10.0,37.4,0.0,0,0.0,,0.0,0.0,,21.6,187.1,1009.1,61.2,10.3,295.3,25.7,8,,2018-06-02T04:47:51,2018-06-02T19:37:17,0.62,Partially cloudy,Partly cloudy throughout the day.,partly-cloudy-day,"ZBAA,54511099999"
205,205,2013,Beijing,36.0,23.0,29.9,36.9,23.0,30.3,17.5,49.7,0.0,0,0.0,,,,,18.0,79.8,1000.9,67.1,25.6,275.3,23.7,8,,2013-07-25T05:06:29,2013-07-25T19:34:56,0.58,Partially cloudy,Clearing in the afternoon.,partly-cloudy-day,"ZBAA,54511099999"
2721,2721,2020,Beijing,36.0,21.0,29.3,33.8,21.0,28.1,7.2,26.2,0.0,0,0.0,,0.0,0.0,46.8,21.6,280.7,1007.3,0.0,12.6,360.4,31.2,10,,2020-06-14T04:45:24,2020-06-14T19:44:18,0.77,Clear,Clear conditions throughout the day.,clear-day,"ZBAA,54511099999"
953,953,2015,Beijing,36.0,23.0,29.3,39.4,23.0,31.5,21.8,67.2,0.0,0,0.0,,,,,18.0,180.3,1005.8,18.9,7.5,285.4,24.6,9,,2015-08-12T05:22:34,2015-08-12T19:15:57,0.91,Clear,Clear conditions throughout the day.,clear-day,"ZBAA,54511099999"
169,169,2013,Beijing,36.0,21.0,29.2,33.9,21.0,28.6,14.5,46.8,0.0,0,0.0,,,,,10.8,105.7,1002.1,40.5,15.4,332.3,28.9,10,,2013-06-19T04:45:43,2013-06-19T19:45:51,0.35,Partially cloudy,Partly cloudy throughout the day.,partly-cloudy-day,"ZBAA,54511099999"
2000,2000,2018,Beijing,36.0,24.0,30.5,38.1,24.0,31.9,19.1,52.2,0.0,0,0.0,,0.0,0.0,,18.0,170.2,1001.9,77.4,10.7,172.4,15.0,6,,2018-06-24T04:46:47,2018-06-24T19:46:48,0.36,Partially cloudy,Partly cloudy throughout the day.,partly-cloudy-day,"ZBAA,54511099999"
3485,3485,2022,Beijing,36.0,23.0,29.8,35.2,23.0,30.2,64.5,53.0,0.0,0,0.0,,0.0,0.0,25.9,13.4,181.2,1000.0,42.4,7.7,329.9,28.4,9,10.0,2022-07-18T05:00:33,2022-07-18T19:40:27,0.65,Partially cloudy,Partly cloudy throughout the day.,partly-cloudy-day,"ZBAA,54511099999"
2728,2728,2020,Beijing,36.0,25.0,30.4,36.3,25.0,30.8,17.1,46.4,0.0,0,0.0,,0.0,0.0,34.4,21.6,157.6,1002.2,36.9,11.7,298.4,25.7,9,,2020-06-21T04:46:10,2020-06-21T19:46:25,0.0,Partially cloudy,Partly cloudy throughout the day.,partly-cloudy-day,"ZBAA,54511099999"
3513,3513,2022,Beijing,36.0,23.0,28.7,36.3,23.0,29.0,66.7,62.9,0.0,0,0.0,,0.0,0.0,20.6,20.1,328.1,999.7,32.4,7.2,266.2,23.1,8,10.0,2022-08-15T05:25:45,2022-08-15T19:11:41,0.6,Partially cloudy,Partly cloudy throughout the day.,partly-cloudy-day,"ZBAA,54511099999"
1310,1310,2016,Beijing,36.0,24.0,29.9,41.9,24.0,33.3,23.2,69.5,0.0,0,0.0,,,,,10.8,118.6,1009.3,35.8,8.3,290.3,25.1,9,,2016-08-03T05:14:51,2016-08-03T19:25:48,0.0,Partially cloudy,Partly cloudy throughout the day.,partly-cloudy-day,"ZBAA,54511099999"
3852,3852,2023,Beijing,36.0,24.0,30.3,39.8,24.0,32.3,69.0,57.9,0.0,0,0.0,,0.0,0.0,22.4,15.7,152.2,1005.7,50.2,6.2,315.3,27.3,9,10.0,2023-07-20T05:01:58,2023-07-20T19:39:16,0.08,Partially cloudy,Partly cloudy throughout the day.,partly-cloudy-day,"ZBAA,54511099999"
2440,2440,2019,Beijing,36.0,19.0,27.2,35.1,19.0,27.1,16.1,56.1,0.0,0,0.0,,0.0,0.0,,14.4,197.4,1002.9,1.3,9.6,242.5,21.1,8,,2019-09-07T05:47:09,2019-09-07T18:37:34,0.26,Clear,Clear conditions throughout the day.,clear-day,"ZBAA,54511099999"
3502,3502,2022,Beijing,36.0,25.0,30.3,48.1,25.0,37.8,79.4,80.9,0.433,100,4.17,rain,0.0,0.0,26.8,15.7,138.7,1003.6,43.0,5.6,295.8,25.6,9,60.0,2022-08-04T05:15:24,2022-08-04T19:25:15,0.22,"Rain, Partially cloudy",Partly cloudy throughout the day with late afternoon rain.,precipitation,"ZBAA,54511099999"
3501,3501,2022,Beijing,36.0,27.4,31.3,43.3,32.8,38.9,78.6,74.8,0.0,0,0.0,rain,0.0,0.0,17.7,11.2,171.1,1005.5,53.3,5.2,290.4,24.8,9,30.0,2022-08-03T05:14:28,2022-08-03T19:26:21,0.19,Partially cloudy,Partly cloudy throughout the day.,partly-cloudy-day,"ZBAA,54511099999"
2010,2010,2018,Beijing,36.0,24.0,29.9,38.9,24.0,31.8,20.8,60.5,0.0,0,0.0,,0.0,0.0,32.4,14.4,181.6,997.3,39.4,9.4,271.6,23.3,8,,2018-07-04T04:50:59,2018-07-04T19:46:25,0.7,Partially cloudy,Partly cloudy throughout the day.,partly-cloudy-day,"ZBAA,54511099999"
3460,3460,2022,Beijing,36.0,21.7,27.7,36.1,21.7,28.0,64.9,61.6,0.0,0,0.0,rain,0.0,0.0,31.5,15.9,313.9,997.8,7.4,6.7,337.0,29.3,10,10.0,2022-06-23T04:46:33,2022-06-23T19:46:43,0.8,Clear,Clear conditions throughout the day.,clear-day,"ZBAA,54511099999"
182,182,2013,Beijing,36.0,21.0,28.8,35.8,21.0,29.0,17.4,54.9,37.1,100,8.33,rain,,,39.6,25.2,294.3,994.9,29.9,22.3,344.3,29.9,10,,2013-07-02T04:50:02,2013-07-02T19:46:43,0.79,"Rain, Partially cloudy",Partly cloudy throughout the day with rain clearing later.,precipitation,"ZBAA,54511099999"
558,558,2014,Beijing,36.0,21.0,28.0,34.8,21.0,27.5,14.2,45.9,16.0,100,4.17,rain,,,,39.6,359.5,1002.0,10.8,18.3,342.3,29.4,10,,2014-07-13T04:56:40,2014-07-13T19:43:17,0.52,Rain,Clear conditions throughout the day with late afternoon rain.,precipitation,"ZBAA,54511099999"
2036,2036,2018,Beijing,36.0,27.0,31.1,44.6,31.2,37.7,25.4,73.5,0.0,0,0.0,,0.0,0.0,,10.8,126.6,1004.8,24.4,6.7,278.2,24.1,8,,2018-07-30T05:10:45,2018-07-30T19:30:30,0.58,Partially cloudy,Partly cloudy throughout the day.,partly-cloudy-day,"ZBAA,54511099999"
2027,2027,2018,Beijing,36.0,28.0,31.4,45.5,33.6,39.0,25.7,73.0,0.0,0,0.0,,0.0,0.0,,21.6,141.6,1003.6,37.7,8.0,288.5,24.7,8,,2018-07-21T05:02:55,2018-07-21T19:38:20,0.27,Partially cloudy,Partly cloudy throughout the day.,partly-cloudy-day,"ZBAA,54511099999"
573,573,2014,Beijing,36.0,24.0,29.8,36.8,24.0,30.9,19.7,57.4,0.0,0,0.0,,,,32.4,25.2,183.7,1003.9,12.9,5.8,288.5,24.9,9,,2014-07-28T05:08:55,2014-07-28T19:32:27,0.04,Clear,Clear conditions throughout the day.,clear-day,"ZBAA,54511099999"
2042,2042,2018,Beijing,36.0,27.9,30.8,43.3,30.9,37.7,25.3,73.3,4.0,100,4.17,rain,0.0,0.0,,21.6,121.8,1006.1,32.6,10.3,255.4,22.1,8,,2018-08-05T05:16:15,2018-08-05T19:24:07,0.75,"Rain, Partially cloudy",Partly cloudy throughout the day with late afternoon rain.,precipitation,"ZBAA,54511099999"
572,572,2014,Beijing,36.0,23.7,29.3,36.8,23.7,30.0,17.6,50.6,0.0,0,0.0,,,,,21.6,178.8,1007.9,10.9,6.5,292.4,25.4,9,,2014-07-27T05:08:02,2014-07-27T19:33:23,0.0,Clear,Clear conditions throughout the day.,clear-day,"ZBAA,54511099999"
1265,1265,2016,Beijing,36.0,20.0,28.3,34.8,20.0,28.1,15.7,50.7,0.0,0,0.0,,,,,18.0,192.8,1004.4,54.8,9.6,275.3,23.7,9,,2016-06-19T04:45:46,2016-06-19T19:45:55,0.46,Partially cloudy,Partly cloudy throughout the day.,partly-cloudy-day,"ZBAA,54511099999"
2355,2355,2019,Beijing,36.0,20.0,28.4,33.7,20.0,27.5,12.3,45.8,0.0,0,0.0,,0.0,0.0,36.0,18.0,61.3,1003.5,3.2,10.9,348.5,30.1,10,,2019-06-14T04:45:23,2019-06-14T19:43:58,0.39,Clear,Clear conditions throughout the day.,clear-day,"ZBAA,54511099999"
527,527,2014,Beijing,36.0,19.0,27.8,34.8,19.0,27.3,14.0,47.1,0.0,0,0.0,,,,25.2,14.4,50.8,1005.9,34.3,21.1,317.6,27.4,10,,2014-06-12T04:45:28,2014-06-12T19:43:09,0.47,Partially cloudy,Becoming cloudy in the afternoon.,partly-cloudy-day,"ZBAA,54511099999"
1675,1675,2017,Beijing,36.0,24.0,30.3,40.8,24.0,34.1,23.5,70.6,66.0,100,4.17,rain,,,39.6,18.0,289.5,995.6,24.9,10.4,296.1,25.7,9,,2017-08-03T05:14:37,2017-08-03T19:26:04,0.35,"Rain, Partially cloudy",Partly cloudy throughout the day with early morning rain.,precipitation,"ZBAA,54511099999"
3427,3427,2022,Beijing,36.0,16.0,26.6,33.9,16.0,26.1,55.9,50.3,0.0,0,0.0,,0.0,0.0,22.4,13.4,202.0,1004.6,8.0,6.3,341.3,29.6,10,10.0,2022-05-21T04:54:51,2022-05-21T19:27:46,0.67,Clear,Clear conditions throughout the day.,clear-day,"ZBAA,54511099999"
2366,2366,2019,Beijing,36.0,23.0,29.9,35.8,23.0,30.4,16.9,46.7,0.0,0,0.0,,0.0,0.0,,25.2,136.3,1006.1,69.0,10.6,251.8,21.8,9,,2019-06-25T04:47:01,2019-06-25T19:46:54,0.75,Partially cloudy,Partly cloudy throughout the day.,partly-cloudy-day,"ZBAA,54511099999"
1630,1630,2017,Beijing,36.0,20.0,28.4,34.5,20.0,27.9,14.7,48.1,0.0,0,0.0,,,,,23.3,84.4,1001.4,61.1,11.3,271.4,23.3,10,,2017-06-19T04:45:44,2017-06-19T19:45:51,0.83,Partially cloudy,Partly cloudy throughout the day.,partly-cloudy-day,"ZBAA,54511099999"
3434,3434,2022,Beijing,36.0,18.0,28.6,34.8,18.0,28.0,53.2,37.8,0.0,0,0.0,,0.0,0.0,29.1,13.4,179.8,993.4,35.6,6.9,343.1,29.6,10,10.0,2022-05-28T04:50:14,2022-05-28T19:33:38,0.92,Partially cloudy,Partly cloudy throughout the day.,partly-cloudy-day,"ZBAA,54511099999"
559,559,2014,Beijing,36.0,20.8,28.8,35.8,20.8,28.7,16.0,50.1,0.0,0,0.0,,,,,21.6,49.1,1002.1,33.5,15.0,320.1,27.6,9,,2014-07-14T04:57:24,2014-07-14T19:42:47,0.56,Partially cloudy,Partly cloudy throughout the day.,partly-cloudy-day,"ZBAA,54511099999"
2779,2779,2020,Beijing,36.0,23.0,29.3,38.6,23.0,31.8,22.2,68.4,0.0,0,0.0,,0.0,0.0,36.0,10.8,161.5,1004.2,28.7,10.0,235.5,20.6,8,,2020-08-11T05:22:24,2020-08-11T19:16:16,0.74,Partially cloudy,Becoming cloudy in the afternoon.,partly-cloudy-day,"ZBAA,54511099999"
3438,3438,2022,Beijing,36.0,14.0,25.8,33.2,14.0,24.7,43.8,37.4,0.0,0,0.0,,0.0,0.0,27.3,13.4,224.9,1003.0,1.8,7.4,355.9,30.8,10,10.0,2022-06-01T04:48:16,2022-06-01T19:36:39,0.06,Clear,Clear conditions throughout the day.,clear-day,"ZBAA,54511099999"
1679,1679,2017,Beijing,36.0,22.0,29.3,38.1,22.0,30.1,18.6,55.0,0.0,0,0.0,,,,,14.4,49.9,1000.2,47.4,12.5,249.3,21.6,9,,2017-08-07T05:18:21,2017-08-07T19:21:29,0.48,Partially cloudy,Partly cloudy throughout the day.,partly-cloudy-day,"ZBAA,54511099999"
3433,3433,2022,Beijing,36.0,14.0,26.4,33.2,14.0,25.1,41.5,33.6,0.0,0,0.0,,0.0,0.0,30.9,15.7,202.2,999.2,43.6,7.7,341.8,29.6,10,10.0,2022-05-27T04:50:48,2022-05-27T19:32:50,0.88,Partially cloudy,Becoming cloudy in the afternoon.,partly-cloudy-day,"ZBAA,54511099999"
1680,1680,2017,Beijing,36.0,21.0,28.4,38.1,21.0,29.9,21.4,68.4,0.0,0,0.0,,,,61.2,43.2,80.5,998.1,29.6,10.5,289.8,24.9,9,,2017-08-08T05:19:17,2017-08-08T19:20:18,0.5,Partially cloudy,Partly cloudy throughout the day.,partly-cloudy-day,"ZBAA,54511099999"
556,556,2014,Beijing,35.9,22.0,29.3,34.5,22.0,28.9,15.2,46.4,0.0,0,0.0,,,,,14.6,51.9,999.5,27.0,23.4,343.8,29.6,10,,2014-07-11T04:55:16,2014-07-11T19:44:13,0.46,Partially cloudy,Partly cloudy throughout the day.,partly-cloudy-day,"ZBAA,54511099999"
228,228,2013,Beijing,35.7,25.0,31.0,35.2,25.0,31.2,15.5,44.8,0.0,0,0.0,,,,50.4,32.4,311.3,1000.5,18.1,16.3,288.0,24.9,9,,2013-08-17T05:27:46,2013-08-17T19:08:39,0.36,Clear,Clear conditions throughout the day.,clear-day,"ZBAA,54511099999"
1678,1678,2017,Beijing,35.2,22.0,29.0,35.7,22.0,29.8,19.5,62.3,0.0,0,0.0,,,,39.6,18.0,318.6,999.9,15.7,10.8,304.4,26.3,9,,2017-08-06T05:17:24,2017-08-06T19:22:40,0.45,Clear,Clear conditions throughout the day.,clear-day,"ZBAA,54511099999"
1642,1642,2017,Beijing,35.2,26.8,30.4,39.5,28.5,33.4,21.6,60.2,0.0,0,0.0,,,,,14.4,155.7,1001.1,21.2,7.6,284.9,24.6,8,,2017-07-01T04:49:34,2017-07-01T19:46:50,0.25,Partially cloudy,Partly cloudy throughout the day.,partly-cloudy-day,"ZBAA,54511099999"
221,221,2013,Beijing,35.1,24.0,29.2,42.1,24.0,32.8,22.9,69.8,0.0,0,0.0,,,,,14.4,126.6,1004.2,21.3,7.4,271.9,23.6,8,,2013-08-10T05:21:08,2013-08-10T19:17:52,0.11,Partially cloudy,Partly cloudy throughout the day.,partly-cloudy-day,"ZBAA,54511099999"
1654,1654,2017,Beijing,35.1,28.4,31.9,46.7,30.4,40.5,25.9,71.0,0.0,0,0.0,,,,54.0,22.1,171.8,999.1,28.5,9.7,252.4,21.7,7,,2017-07-13T04:56:52,2017-07-13T19:43:09,0.64,Partially cloudy,Partly cloudy throughout the day.,partly-cloudy-day,"ZBAA,54511099999"
185,185,2013,Beijing,35.1,21.0,29.2,35.3,21.0,29.3,17.0,51.4,0.0,0,0.0,,,,,14.4,23.4,997.6,1.2,30.0,344.0,29.5,10,,2013-07-05T04:51:38,2013-07-05T19:46:08,0.89,Clear,Clear conditions throughout the day.,clear-day,"ZBAA,54511099999"
2737,2737,2020,Beijing,35.0,21.9,28.2,33.7,21.9,27.6,14.5,48.0,0.1,100,4.17,rain,0.0,0.0,25.2,14.4,245.2,1001.7,46.4,11.8,287.2,24.7,9,,2020-06-30T04:49:15,2020-06-30T19:46:57,0.32,"Rain, Partially cloudy",Partly cloudy throughout the day with early morning rain.,precipitation,"ZBAA,54511099999"
544,544,2014,Beijing,35.0,21.0,28.7,34.7,21.0,28.7,16.0,48.6,0.0,0,0.0,,,,,14.4,151.0,1005.7,89.4,14.3,193.2,16.8,7,,2014-06-29T04:48:32,2014-06-29T19:47:00,0.06,Partially cloudy,Partly cloudy throughout the day.,partly-cloudy-day,"ZBAA,54511099999"
186,186,2013,Beijing,35.0,24.0,29.8,36.3,24.0,30.8,19.4,56.2,0.0,0,0.0,,,,,21.6,163.2,1000.4,25.8,13.9,310.6,26.6,9,,2013-07-06T04:52:13,2013-07-06T19:45:53,0.93,Partially cloudy,Partly cloudy throughout the day.,partly-cloudy-day,"ZBAA,54511099999"
219,219,2013,Beijing,35.0,22.0,28.0,36.5,22.0,29.3,19.8,62.9,0.0,0,0.0,,,,,18.0,260.2,999.8,64.8,25.0,263.6,22.7,8,,2013-08-08T05:19:15,2013-08-08T19:20:19,0.04,Partially cloudy,Partly cloudy throughout the day.,partly-cloudy-day,"ZBAA,54511099999"
1318,1318,2016,Beijing,35.0,27.0,30.8,44.9,30.6,38.0,25.6,74.9,0.0,0,0.0,,,,,16.3,165.6,1006.0,39.4,6.7,210.9,18.1,7,,2016-08-11T05:22:21,2016-08-11T19:16:16,0.25,Partially cloudy,Partly cloudy throughout the day.,partly-cloudy-day,"ZBAA,54511099999"
545,545,2014,Beijing,35.0,23.0,29.5,35.7,23.0,29.6,16.6,48.4,0.0,0,0.0,,,,,18.0,168.7,1005.5,57.9,10.5,291.6,25.3,8,,2014-06-30T04:48:58,2014-06-30T19:46:57,0.09,Partially cloudy,Partly cloudy throughout the day.,partly-cloudy-day,"ZBAA,54511099999"
571,571,2014,Beijing,35.0,22.0,29.0,35.8,22.0,29.5,17.8,53.5,0.0,0,0.0,,,,32.4,21.6,187.0,1007.9,14.4,7.5,304.1,26.3,9,,2014-07-26T05:07:09,2014-07-26T19:34:17,0.97,Clear,Clear conditions throughout the day.,clear-day,"ZBAA,54511099999"
2035,2035,2018,Beijing,35.0,26.0,30.0,40.6,26.0,34.2,24.3,73.4,0.0,0,0.0,,0.0,0.0,,7.2,108.3,1005.2,18.8,6.5,283.2,24.5,9,,2018-07-29T05:09:50,2018-07-29T19:31:29,0.55,Clear,Clear conditions throughout the day.,clear-day,"ZBAA,54511099999"
1980,1980,2018,Beijing,35.0,16.0,27.0,32.5,16.0,25.9,8.7,41.2,0.0,0,0.0,,0.0,0.0,39.6,28.8,182.9,1005.0,19.5,11.0,355.7,30.8,10,,2018-06-04T04:47:07,2018-06-04T19:38:38,0.68,Clear,Clear conditions throughout the day.,clear-day,"ZBAA,54511099999"
506,506,2014,Beijing,35.0,19.5,27.0,33.1,19.5,26.5,13.7,49.5,0.0,0,0.0,,,,,28.8,187.3,1006.1,15.3,5.4,320.5,27.5,9,,2014-05-22T04:54:07,2014-05-22T19:28:33,0.76,Clear,Clear conditions throughout the day.,clear-day,"ZBAA,54511099999"
2738,2738,2020,Beijing,35.0,21.0,27.9,35.7,21.0,28.2,17.1,54.5,0.0,0,0.0,,0.0,0.0,28.8,18.0,107.5,1003.1,31.9,11.1,271.7,23.5,8,,2020-07-01T04:49:43,2020-07-01T19:46:51,0.36,Partially cloudy,Becoming cloudy in the afternoon.,partly-cloudy-day,"ZBAA,54511099999"
1303,1303,2016,Beijing,35.0,23.0,28.3,43.3,23.0,31.3,23.0,74.8,0.0,0,0.0,,,,,34.9,204.8,1001.5,31.4,8.8,294.4,25.4,9,,2016-07-27T05:08:29,2016-07-27T19:32:55,0.75,Partially cloudy,Partly cloudy throughout the day.,partly-cloudy-day,"ZBAA,54511099999"
2011,2011,2018,Beijing,35.0,23.0,28.8,39.5,23.0,30.7,21.2,65.5,3.0,100,4.17,rain,0.0,0.0,43.2,25.2,100.0,1000.8,33.3,8.0,273.7,23.6,8,,2018-07-05T04:51:32,2018-07-05T19:46:12,0.73,"Rain, Partially cloudy",Partly cloudy throughout the day with late afternoon rain.,precipitation,"ZBAA,54511099999"
510,510,2014,Beijing,35.0,12.0,26.3,32.4,12.0,24.9,4.0,30.5,0.0,0,0.0,,,,43.2,32.4,227.3,999.4,36.3,19.9,311.3,26.9,9,,2014-05-26T04:51:25,2014-05-26T19:31:55,0.91,Partially cloudy,Partly cloudy throughout the day.,partly-cloudy-day,"ZBAA,54511099999"
566,566,2014,Beijing,35.0,26.0,30.8,37.9,26.0,32.7,19.4,52.4,0.0,0,0.0,,,,39.6,32.4,346.6,1001.8,56.6,23.0,233.9,20.2,7,,2014-07-21T05:02:53,2014-07-21T19:38:21,0.8,Partially cloudy,Partly cloudy throughout the day.,partly-cloudy-day,"ZBAA,54511099999"
3442,3442,2022,Beijing,35.0,18.5,27.1,32.3,18.5,26.1,45.7,40.5,0.0,0,0.0,,0.0,0.0,36.5,26.8,322.5,1000.8,31.4,7.3,349.6,30.1,10,10.0,2022-06-05T04:46:49,2022-06-05T19:39:21,0.19,Partially cloudy,Becoming cloudy in the afternoon.,partly-cloudy-day,"ZBAA,54511099999"
3440,3440,2022,Beijing,35.0,19.0,27.3,35.2,19.0,27.7,59.8,49.7,0.0,0,0.0,,0.0,0.0,22.4,11.2,130.1,1001.7,74.9,6.5,296.7,25.6,9,10.0,2022-06-03T04:47:29,2022-06-03T19:38:02,0.12,Partially cloudy,Partly cloudy throughout the day.,partly-cloudy-day,"ZBAA,54511099999"
2332,2332,2019,Beijing,35.0,11.6,23.5,32.6,11.6,22.7,7.7,44.2,0.0,0,0.0,,0.0,0.0,39.6,18.0,49.2,1001.9,31.6,11.6,334.0,28.7,10,,2019-05-22T04:54:17,2019-05-22T19:28:22,0.61,Partially cloudy,Partly cloudy throughout the day.,partly-cloudy-day,"ZBAA,54511099999"
3475,3475,2022,Beijing,35.0,25.0,29.3,38.6,25.0,32.2,73.5,71.3,0.0,0,0.0,,0.0,0.0,21.3,8.9,34.3,1000.5,7.8,6.7,318.8,27.6,9,10.0,2022-07-08T04:53:23,2022-07-08T19:45:24,0.31,Clear,Clear conditions throughout the day.,clear-day,"ZBAA,54511099999"
3476,3476,2022,Beijing,35.0,23.0,28.6,35.1,23.0,29.3,67.3,62.2,0.0,0,0.0,,0.0,0.0,20.8,6.8,9.5,1002.0,66.5,7.8,284.4,24.5,9,10.0,2022-07-09T04:54:01,2022-07-09T19:45:03,0.34,Partially cloudy,Partly cloudy throughout the day.,partly-cloudy-day,"ZBAA,54511099999"
3432,3432,2022,Beijing,35.0,12.0,24.1,32.3,12.0,23.1,39.8,35.7,0.0,0,0.0,,0.0,0.0,24.6,17.9,310.3,1003.2,11.3,7.6,346.4,29.9,10,10.0,2022-05-26T04:51:24,2022-05-26T19:32:02,0.85,Clear,Clear conditions throughout the day.,clear-day,"ZBAA,54511099999"
3090,3090,2021,Beijing,35.0,20.7,28.1,32.4,20.7,26.9,38.9,24.0,0.0,0,0.0,,0.0,0.0,33.6,22.4,285.2,1000.4,6.6,7.9,362.3,31.5,10,,2021-06-18T04:45:38,2021-06-18T19:45:38,0.25,Clear,Clear conditions throughout the day.,clear-day,"ZBAA,54511099999"
2793,2793,2020,Beijing,35.0,20.0,27.2,37.3,20.0,28.5,20.9,72.4,0.0,0,0.0,,0.0,0.0,25.2,10.8,64.8,1002.3,73.7,11.8,236.7,20.4,8,,2020-08-25T05:35:39,2020-08-25T18:56:42,0.21,Partially cloudy,Partly cloudy throughout the day.,partly-cloudy-day,"ZBAA,54511099999"
1267,1267,2016,Beijing,35.0,22.0,27.9,38.5,22.0,29.2,20.8,68.2,0.0,0,0.0,,,,39.6,21.6,112.0,1001.4,31.6,6.2,174.6,15.1,5,,2016-06-21T04:46:09,2016-06-21T19:46:23,0.53,Partially cloudy,Partly cloudy throughout the day.,partly-cloudy-day,"ZBAA,54511099999"
3480,3480,2022,Beijing,35.0,20.9,28.3,41.9,20.9,31.4,73.0,74.3,0.0,0,0.0,,0.0,0.0,17.9,11.2,228.5,1000.2,21.7,7.2,326.8,28.3,9,30.0,2022-07-13T04:56:45,2022-07-13T19:43:20,0.48,Partially cloudy,Partly cloudy throughout the day.,partly-cloudy-day,"ZBAA,54511099999"
3110,3110,2021,Beijing,35.0,22.0,27.3,36.9,22.0,28.4,68.6,67.5,0.079,100,4.17,rain,0.0,0.0,20.1,13.4,191.6,1002.8,12.2,6.5,313.2,27.0,9,,2021-07-08T04:53:31,2021-07-08T19:45:18,0.94,Rain,Clear conditions throughout the day with late afternoon rain.,precipitation,"ZBAA,54511099999"
1262,1262,2016,Beijing,35.0,17.5,26.6,33.5,17.5,26.1,13.7,50.5,0.0,0,0.0,,,,28.8,16.3,240.4,997.9,43.9,11.2,341.3,29.5,10,,2016-06-16T04:45:26,2016-06-16T19:45:00,0.36,Partially cloudy,Becoming cloudy in the afternoon.,partly-cloudy-day,"ZBAA,54511099999"
2757,2757,2020,Beijing,35.0,19.0,27.2,37.1,19.0,28.5,19.6,65.9,0.0,0,0.0,,0.0,0.0,25.2,10.8,189.9,1004.2,20.8,9.7,324.2,28.0,9,,2020-07-20T05:02:32,2020-07-20T19:38:43,0.98,Partially cloudy,Partly cloudy throughout the day.,partly-cloudy-day,"ZBAA,54511099999"
2047,2047,2018,Beijing,35.0,24.0,29.3,40.6,24.0,32.3,23.6,74.6,0.0,0,0.0,,0.0,0.0,,14.4,124.6,1006.1,50.9,8.8,271.9,23.4,8,,2018-08-10T05:20:57,2018-08-10T19:18:09,0.96,Partially cloudy,Partly cloudy throughout the day.,partly-cloudy-day,"ZBAA,54511099999"
3500,3500,2022,Beijing,35.0,26.0,30.4,43.6,26.0,37.0,78.5,78.0,0.0,0,0.0,rain,0.0,0.0,15.7,11.2,140.4,1005.8,8.7,4.9,301.0,26.0,9,30.0,2022-08-02T05:13:33,2022-08-02T19:27:26,0.15,Clear,Clear conditions throughout the day.,clear-day,"ZBAA,54511099999"
2777,2777,2020,Beijing,35.0,19.0,28.1,37.3,19.0,29.4,20.6,67.3,21.1,100,8.33,rain,0.0,0.0,50.4,14.6,193.6,997.0,14.8,11.2,283.7,24.8,9,,2020-08-09T05:20:31,2020-08-09T19:18:46,0.68,Rain,Clear conditions throughout the day with rain.,precipitation,"ZBAA,54511099999"
2026,2026,2018,Beijing,35.0,26.0,30.3,44.9,26.0,37.5,26.1,78.9,0.0,0,0.0,,0.0,0.0,,14.4,140.5,1002.1,54.2,7.1,152.8,13.5,4,,2018-07-20T05:02:05,2018-07-20T19:39:03,0.25,Partially cloudy,Partly cloudy throughout the day.,partly-cloudy-day,"ZBAA,54511099999"
602,602,2014,Beijing,35.0,17.0,26.8,32.5,17.0,25.8,10.1,42.0,0.0,0,0.0,,,,,14.4,72.8,1012.7,43.1,19.3,267.5,23.1,9,,2014-08-26T05:36:04,2014-08-26T18:56:00,0.02,Partially cloudy,Becoming cloudy in the afternoon.,partly-cloudy-day,"ZBAA,54511099999"
2752,2752,2020,Beijing,35.0,21.0,28.5,36.9,21.0,29.3,19.2,60.9,0.0,0,0.0,,0.0,0.0,25.2,14.6,204.3,1003.7,2.0,10.6,321.8,27.7,9,,2020-07-15T04:58:34,2020-07-15T19:41:58,0.82,Clear,Clear conditions throughout the day.,clear-day,"ZBAA,54511099999"
235,235,2013,Beijing,35.0,20.0,26.9,33.1,20.0,26.5,15.0,53.2,0.0,0,0.0,,,,,10.8,43.6,1008.8,37.3,22.6,252.8,21.8,8,,2013-08-24T05:34:24,2013-08-24T18:58:37,0.6,Partially cloudy,Partly cloudy throughout the day.,partly-cloudy-day,"ZBAA,54511099999"
2394,2394,2019,Beijing,35.0,24.0,29.7,39.5,24.0,32.3,22.5,68.3,20.2,100,8.33,rain,0.0,0.0,25.2,18.0,300.8,997.7,17.4,9.2,318.1,27.4,9,,2019-07-23T05:04:24,2019-07-23T19:37:00,0.71,Rain,Clear conditions throughout the day with rain clearing later.,precipitation,"ZBAA,54511099999"
3846,3846,2023,Beijing,35.0,23.0,29.0,35.2,23.0,29.1,65.8,61.3,0.0,0,0.0,,0.0,0.0,32.2,24.6,291.3,995.0,30.2,5.9,332.6,28.7,9,10.0,2023-07-14T04:57:19,2023-07-14T19:42:57,0.87,Partially cloudy,Clearing in the afternoon.,partly-cloudy-day,"ZBAA,54511099999"
950,950,2015,Beijing,35.0,22.0,27.8,36.5,22.0,29.3,21.3,71.0,0.0,0,0.0,,,,,10.8,73.2,1010.3,34.0,9.0,265.8,23.0,8,,2015-08-09T05:19:44,2015-08-09T19:19:42,0.81,Partially cloudy,Partly cloudy throughout the day.,partly-cloudy-day,"ZBAA,54511099999"
2349,2349,2019,Beijing,35.0,19.0,27.1,32.7,19.0,26.2,11.3,46.8,0.0,0,0.0,,0.0,0.0,57.6,25.2,298.9,1001.5,29.0,10.5,332.3,28.7,10,,2019-06-08T04:46:05,2019-06-08T19:40:58,0.17,Partially cloudy,Partly cloudy throughout the day.,partly-cloudy-day,"ZBAA,54511099999"
2383,2383,2019,Beijing,35.0,20.0,28.0,34.7,20.0,28.4,17.8,57.2,0.0,0,0.0,,0.0,0.0,28.8,18.0,164.7,1002.6,21.0,11.1,321.4,27.9,9,,2019-07-12T04:55:49,2019-07-12T19:43:53,0.33,Partially cloudy,Becoming cloudy in the afternoon.,partly-cloudy-day,"ZBAA,54511099999"
2372,2372,2019,Beijing,35.0,18.0,28.1,32.8,18.0,26.9,9.7,37.4,0.0,0,0.0,,0.0,0.0,,21.6,88.0,1006.0,7.0,12.4,350.7,30.4,10,,2019-07-01T04:49:21,2019-07-01T19:46:55,0.95,Clear,Clear conditions throughout the day.,clear-day,"ZBAA,54511099999"
1653,1653,2017,Beijing,35.0,25.0,30.5,44.9,25.0,35.4,23.9,69.2,0.0,0,0.0,,,,,14.4,149.4,1001.1,16.3,9.0,310.9,26.9,9,,2017-07-12T04:56:09,2017-07-12T19:43:38,0.61,Clear,Clear conditions throughout the day.,clear-day,"ZBAA,54511099999"
3820,3820,2023,Beijing,35.0,20.0,28.6,34.1,20.0,28.8,62.0,51.5,0.0,0,0.0,,0.0,0.0,18.8,11.2,130.9,1006.8,46.6,6.0,331.5,28.6,10,10.0,2023-06-18T04:45:36,2023-06-18T19:45:31,0.0,Partially cloudy,Partly cloudy throughout the day.,partly-cloudy-day,"ZBAA,54511099999"
954,954,2015,Beijing,35.0,23.5,29.0,40.6,23.5,31.6,22.2,68.0,0.0,0,0.0,,,,,18.0,171.5,1003.5,26.4,6.1,279.0,24.0,8,,2015-08-13T05:23:31,2015-08-13T19:14:39,0.95,Partially cloudy,Partly cloudy throughout the day.,partly-cloudy-day,"ZBAA,54511099999"
1598,1598,2017,Beijing,35.0,18.0,27.2,34.7,18.0,27.1,15.2,51.0,0.0,0,0.0,,,,28.8,21.6,187.0,1006.4,15.0,9.0,312.6,26.9,9,,2017-05-18T04:57:03,2017-05-18T19:25:12,0.74,Clear,Clear conditions throughout the day.,clear-day,"ZBAA,54511099999"
957,957,2015,Beijing,35.0,20.0,27.9,36.9,20.0,28.7,18.4,59.3,0.0,0,0.0,,,,,14.4,164.4,1005.0,11.2,10.2,288.4,24.9,9,,2015-08-16T05:26:21,2015-08-16T19:10:40,0.05,Clear,Clear conditions throughout the day.,clear-day,"ZBAA,54511099999"
1641,1641,2017,Beijing,35.0,24.0,29.5,38.5,24.0,31.5,20.6,59.8,0.0,0,0.0,,,,,18.0,163.3,1003.3,20.7,8.0,289.7,25.1,8,,2017-06-30T04:49:06,2017-06-30T19:46:56,0.2,Partially cloudy,Partly cloudy throughout the day.,partly-cloudy-day,"ZBAA,54511099999"
936,936,2015,Beijing,35.0,24.0,29.7,40.6,24.0,33.5,23.3,69.8,0.0,0,0.0,,,,28.8,10.8,123.5,1002.7,24.2,7.3,273.5,23.6,8,,2015-07-26T05:06:56,2015-07-26T19:34:29,0.33,Partially cloudy,Partly cloudy throughout the day.,partly-cloudy-day,"ZBAA,54511099999"
2397,2397,2019,Beijing,35.0,23.0,29.2,43.3,23.0,33.1,22.5,67.9,0.0,0,0.0,,0.0,0.0,,18.0,132.0,1000.3,19.2,10.4,296.0,25.6,9,,2019-07-26T05:06:59,2019-07-26T19:34:29,0.8,Clear,Clear conditions throughout the day.,clear-day,"ZBAA,54511099999"
3811,3811,2023,Beijing,35.0,17.0,26.5,32.3,17.0,25.4,37.7,25.5,0.0,0,0.0,,0.0,0.0,35.8,24.6,328.2,999.3,51.0,7.8,285.3,24.5,9,10.0,2023-06-09T04:45:55,2023-06-09T19:41:36,0.68,Partially cloudy,Partly cloudy throughout the day.,partly-cloudy-day,"ZBAA,54511099999"
1338,1338,2016,Beijing,35.0,17.0,27.0,32.4,17.0,25.9,6.5,38.7,0.0,0,0.0,,,,57.6,39.6,331.8,996.8,28.5,12.1,288.6,24.9,9,,2016-08-31T05:41:15,2016-08-31T18:47:31,0.96,Partially cloudy,Partly cloudy throughout the day.,partly-cloudy-day,"ZBAA,54511099999"
921,921,2015,Beijing,35.0,23.0,29.1,36.9,23.0,30.1,19.4,58.2,0.0,0,0.0,,,,,14.4,144.4,1007.0,20.0,7.2,264.1,22.7,8,,2015-07-11T04:55:06,2015-07-11T19:44:18,0.82,Clear,Partly cloudy throughout the day.,clear-day,"ZBAA,54511099999"
875,875,2015,Beijing,35.0,20.9,28.0,34.0,20.9,27.6,13.7,43.5,0.0,0,0.0,,,,,25.2,188.0,1005.3,23.4,9.0,309.3,26.7,9,,2015-05-26T04:51:34,2015-05-26T19:31:44,0.25,Partially cloudy,Partly cloudy throughout the day.,partly-cloudy-day,"ZBAA,54511099999"
1629,1629,2017,Beijing,35.0,23.0,28.1,34.0,23.0,27.8,14.9,47.2,0.4,100,4.17,rain,,,43.2,25.2,183.6,1002.3,72.3,9.5,153.9,13.4,5,,2017-06-18T04:45:36,2017-06-18T19:45:34,0.8,"Rain, Partially cloudy",Partly cloudy throughout the day with late afternoon rain.,precipitation,"ZBAA,54511099999"
1628,1628,2017,Beijing,35.0,24.0,30.3,34.7,24.0,29.7,12.7,34.8,0.0,0,0.0,,,,,21.6,188.6,1002.9,68.9,9.7,266.0,23.0,9,,2017-06-17T04:45:29,2017-06-17T19:45:15,0.75,Partially cloudy,Partly cloudy throughout the day.,partly-cloudy-day,"ZBAA,54511099999"
1619,1619,2017,Beijing,35.0,15.3,24.8,32.6,15.3,24.2,10.2,44.6,0.2,100,8.33,rain,,,68.4,32.4,211.4,1005.4,24.6,11.1,338.2,29.2,10,,2017-06-08T04:45:59,2017-06-08T19:41:13,0.45,"Rain, Partially cloudy",Partly cloudy throughout the day with rain.,precipitation,"ZBAA,54511099999"
2368,2368,2019,Beijing,35.0,21.6,28.5,35.7,21.6,28.6,16.8,51.8,0.0,0,0.0,,0.0,0.0,36.0,12.7,181.9,999.1,73.5,9.2,237.4,20.4,8,,2019-06-27T04:47:41,2019-06-27T19:47:02,0.82,Partially cloudy,Partly cloudy throughout the day.,partly-cloudy-day,"ZBAA,54511099999"
1638,1638,2017,Beijing,35.0,22.5,28.3,35.8,22.5,29.4,19.4,60.3,0.0,0,0.0,,,,,18.0,152.1,1005.5,34.6,8.1,319.6,27.7,9,,2017-06-27T04:47:51,2017-06-27T19:47:01,0.1,Partially cloudy,Partly cloudy throughout the day.,partly-cloudy-day,"ZBAA,54511099999"
1600,1600,2017,Beijing,35.0,20.5,28.1,34.0,20.5,28.0,15.0,47.1,0.7,100,4.17,rain,,,,18.0,146.2,1008.9,52.9,10.0,308.8,26.8,9,,2017-05-20T04:55:26,2017-05-20T19:27:01,0.81,"Rain, Partially cloudy",Partly cloudy throughout the day with late afternoon rain.,precipitation,"ZBAA,54511099999"
1579,1579,2017,Beijing,35.0,13.0,26.4,32.4,13.0,25.3,2.1,23.3,0.0,0,0.0,,,,39.6,28.8,246.2,1002.4,10.4,10.8,315.3,27.2,9,,2017-04-29T05:17:32,2017-04-29T19:06:44,0.09,Clear,Clear conditions throughout the day.,clear-day,"ZBAA,54511099999"
514,514,2014,Beijing,34.7,22.0,28.8,34.1,22.0,28.4,13.1,38.8,0.0,0,0.0,,,,,21.6,117.5,1005.5,37.0,9.1,300.6,26.0,9,,2014-05-30T04:49:11,2014-05-30T19:35:04,0.05,Partially cloudy,Clearing in the afternoon.,partly-cloudy-day,"ZBAA,54511099999"
951,951,2015,Beijing,34.4,23.0,28.7,37.3,23.0,30.2,21.0,66.1,0.0,0,0.0,,,,,14.4,51.1,1009.3,8.7,10.0,284.5,24.6,9,,2015-08-10T05:20:41,2015-08-10T19:18:28,0.84,Clear,Clear conditions throughout the day.,clear-day,"ZBAA,54511099999"
952,952,2015,Beijing,34.3,25.0,28.7,38.3,25.0,31.0,22.3,69.9,0.0,0,0.0,,,,,10.8,111.0,1008.2,19.5,7.5,247.3,21.3,8,,2015-08-11T05:21:37,2015-08-11T19:17:13,0.88,Clear,Clear conditions throughout the day.,clear-day,"ZBAA,54511099999"
1652,1652,2017,Beijing,34.3,23.0,29.0,39.6,23.0,31.6,21.8,67.0,0.0,0,0.0,,,,,10.8,112.1,1000.4,29.3,10.0,275.2,23.9,8,,2017-07-11T04:55:27,2017-07-11T19:44:05,0.57,Partially cloudy,Partly cloudy throughout the day.,partly-cloudy-day,"ZBAA,54511099999"
229,229,2013,Beijing,34.1,21.0,28.3,33.4,21.0,28.0,14.8,46.1,0.0,0,0.0,,,,,14.4,11.5,1007.6,28.0,30.0,293.0,25.2,9,,2013-08-18T05:28:43,2013-08-18T19:07:15,0.4,Partially cloudy,Partly cloudy throughout the day.,partly-cloudy-day,"ZBAA,54511099999"
153,153,2013,Beijing,34.1,17.0,26.0,31.6,17.0,25.3,12.7,52.6,0.0,0,0.0,,,,,14.4,80.6,1004.5,32.4,7.0,330.7,28.7,10,,2013-06-03T04:47:22,2013-06-03T19:38:06,0.81,Partially cloudy,Partly cloudy throughout the day.,partly-cloudy-day,"ZBAA,54511099999"
234,234,2013,Beijing,34.1,22.1,27.3,32.8,22.1,26.9,16.4,57.3,0.1,100,4.17,rain,,,,18.7,8.4,1008.7,33.3,12.8,264.0,23.0,9,,2013-08-23T05:33:27,2013-08-23T19:00:05,0.57,"Rain, Partially cloudy",Partly cloudy throughout the day with morning rain.,precipitation,"ZBAA,remote,54511099999"
230,230,2013,Beijing,34.1,20.1,27.5,32.5,20.1,27.1,14.8,49.8,0.0,0,0.0,,,,,14.4,37.4,1009.8,42.5,28.5,240.7,20.9,9,,2013-08-19T05:29:40,2013-08-19T19:05:51,0.43,Partially cloudy,Partly cloudy throughout the day.,partly-cloudy-day,"ZBAA,54511099999"
579,579,2014,Beijing,34.1,26.0,29.3,41.0,26.0,33.3,23.9,73.8,0.5,100,4.17,rain,,,,18.0,22.1,1000.8,24.4,4.5,220.2,19.2,7,,2014-08-03T05:14:22,2014-08-03T19:26:22,0.24,"Rain, Partially cloudy",Partly cloudy throughout the day with late afternoon rain.,precipitation,"ZBAA,54511099999"
2058,2058,2018,Beijing,34.1,21.0,27.8,33.4,21.0,27.7,17.4,57.7,0.0,0,0.0,,0.0,0.0,,18.0,6.0,1005.0,44.2,13.7,252.9,21.9,9,,2018-08-21T05:31:22,2018-08-21T19:03:19,0.32,Partially cloudy,Becoming cloudy in the afternoon.,partly-cloudy-day,"ZBAA,54511099999"
574,574,2014,Beijing,34.1,23.9,29.6,36.1,23.9,31.3,20.5,59.9,0.0,0,0.0,,,,,32.4,171.8,1002.9,17.0,5.1,272.2,23.6,8,,2014-07-29T05:09:49,2014-07-29T19:31:30,0.07,Clear,Clear conditions throughout the day.,clear-day,"ZBAA,54511099999"
177,177,2013,Beijing,34.1,21.1,27.8,33.7,21.1,28.4,18.6,60.9,0.0,0,0.0,,,,,14.7,58.0,997.6,31.1,8.9,308.3,26.8,9,,2013-06-27T04:47:50,2013-06-27T19:47:01,0.62,Partially cloudy,Partly cloudy throughout the day.,partly-cloudy-day,"ZBAA,54511099999"
2800,2800,2020,Beijing,34.0,18.0,24.4,32.5,18.0,24.2,15.6,64.2,2.3,100,8.33,rain,0.0,0.0,72.0,21.6,312.1,1008.1,26.6,11.9,275.9,23.9,9,,2020-09-01T05:42:15,2020-09-01T18:45:56,0.46,"Rain, Partially cloudy",Partly cloudy throughout the day with rain.,precipitation,"ZBAA,54511099999"
578,578,2014,Beijing,34.0,25.0,29.3,40.6,25.0,32.7,23.8,73.7,0.0,0,0.0,,,,,14.4,140.5,1003.0,11.2,4.9,250.6,21.7,8,,2014-08-02T05:13:27,2014-08-02T19:27:26,0.21,Clear,Clear conditions throughout the day.,clear-day,"ZBAA,54511099999"
1282,1282,2016,Beijing,34.0,22.0,28.5,33.7,22.0,28.7,17.4,53.6,0.0,0,0.0,,,,,14.4,159.1,1011.3,23.0,9.1,324.2,27.8,9,,2016-07-06T04:52:23,2016-07-06T19:45:49,0.06,Partially cloudy,Partly cloudy throughout the day.,partly-cloudy-day,"ZBAA,54511099999"
2770,2770,2020,Beijing,34.0,21.0,27.4,37.3,21.0,28.9,20.6,68.9,0.0,0,0.0,,0.0,0.0,61.2,32.4,187.9,1000.4,22.6,11.8,270.9,23.2,9,,2020-08-02T05:13:58,2020-08-02T19:26:54,0.45,Partially cloudy,Partly cloudy throughout the day.,partly-cloudy-day,"ZBAA,54511099999"
2403,2403,2019,Beijing,34.0,25.0,29.2,38.3,25.0,31.6,21.4,64.0,0.0,0,0.0,,0.0,0.0,,20.2,132.9,1006.8,44.6,11.5,218.9,18.8,7,,2019-08-01T05:12:21,2019-08-01T19:28:44,0.0,Partially cloudy,Partly cloudy throughout the day.,partly-cloudy-day,"ZBAA,54511099999"
2401,2401,2019,Beijing,34.0,23.7,27.9,40.6,23.7,30.3,22.6,74.6,0.0,0,0.0,,0.0,0.0,,14.6,201.0,1000.6,38.5,9.1,302.2,26.2,9,,2019-07-30T05:10:32,2019-07-30T19:30:46,0.94,Partially cloudy,Partly cloudy throughout the day.,partly-cloudy-day,"ZBAA,54511099999"
2399,2399,2019,Beijing,34.0,25.8,29.9,43.5,25.8,35.8,25.1,75.9,0.0,0,0.0,,0.0,0.0,,21.6,129.8,1001.6,26.8,6.5,254.1,22.0,8,,2019-07-28T05:08:44,2019-07-28T19:32:41,0.87,Partially cloudy,Partly cloudy throughout the day.,partly-cloudy-day,"ZBAA,54511099999"
2370,2370,2019,Beijing,34.0,21.0,28.4,32.3,21.0,27.6,12.9,44.2,0.1,100,4.17,rain,0.0,0.0,61.2,36.0,310.6,995.9,14.6,12.2,342.8,29.6,10,,2019-06-29T04:48:28,2019-06-29T19:47:02,0.88,Rain,Clear conditions throughout the day with early morning rain.,precipitation,"ZBAA,54511099999"
582,582,2014,Beijing,34.0,22.0,27.8,32.7,22.0,27.5,16.7,57.0,0.0,0,0.0,,,,,18.0,44.4,1007.1,65.3,16.4,162.9,14.0,5,,2014-08-06T05:17:10,2014-08-06T19:22:59,0.35,Partially cloudy,Partly cloudy throughout the day.,partly-cloudy-day,"ZBAA,54511099999"
3458,3458,2022,Beijing,34.0,23.9,29.3,40.6,23.9,32.8,73.3,69.6,0.0,0,0.0,,0.0,0.0,18.6,8.9,68.9,998.9,41.7,4.2,195.8,16.9,8,10.0,2022-06-21T04:46:05,2022-06-21T19:46:21,0.75,Partially cloudy,Partly cloudy throughout the day.,partly-cloudy-day,"ZBAA,54511099999"
587,587,2014,Beijing,34.0,21.0,28.2,32.5,21.0,27.6,14.4,47.9,0.0,0,0.0,,,,,18.0,13.9,1004.1,70.7,20.4,248.9,21.5,8,,2014-08-11T05:21:52,2014-08-11T19:16:55,0.5,Partially cloudy,Partly cloudy throughout the day.,partly-cloudy-day,"ZBAA,54511099999"
1245,1245,2016,Beijing,34.0,17.5,26.0,33.7,17.5,26.0,13.1,46.0,0.0,0,0.0,,,,28.8,14.4,140.8,1002.9,28.2,9.6,297.8,25.7,9,,2016-05-30T04:48:57,2016-05-30T19:35:27,0.79,Partially cloudy,Partly cloudy throughout the day.,partly-cloudy-day,"ZBAA,54511099999"
1637,1637,2017,Beijing,34.0,20.0,27.5,33.8,20.0,27.6,17.1,57.1,0.0,0,0.0,,,,,14.4,27.9,1005.6,51.6,11.7,315.1,27.3,9,,2017-06-26T04:47:29,2017-06-26T19:46:59,0.07,Partially cloudy,Partly cloudy throughout the day.,partly-cloudy-day,"ZBAA,54511099999"
1640,1640,2017,Beijing,34.0,23.8,29.3,35.8,23.8,31.2,20.5,60.4,0.0,0,0.0,,,,39.6,18.0,176.4,1005.4,37.8,8.2,218.9,18.9,8,,2017-06-29T04:48:39,2017-06-29T19:46:59,0.17,Partially cloudy,Partly cloudy throughout the day.,partly-cloudy-day,"ZBAA,54511099999"
3457,3457,2022,Beijing,34.0,22.4,28.6,40.6,22.4,31.4,72.2,70.4,0.0,0,0.0,,0.0,0.0,15.7,6.7,152.0,1000.5,41.3,4.9,322.6,28.0,9,30.0,2022-06-20T04:45:54,2022-06-20T19:46:07,0.69,Partially cloudy,Becoming cloudy in the afternoon.,partly-cloudy-day,"ZBAA,54511099999"
2326,2326,2019,Beijing,34.0,15.0,25.1,32.5,15.0,24.7,13.4,54.5,0.0,0,0.0,,0.0,0.0,,25.2,161.6,1003.9,46.6,8.0,299.1,25.7,9,,2019-05-16T04:59:15,2019-05-16T19:22:56,0.4,Partially cloudy,Partly cloudy throughout the day.,partly-cloudy-day,"ZBAA,54511099999"
1278,1278,2016,Beijing,34.0,20.4,27.3,34.1,20.4,27.4,17.3,58.4,0.0,0,0.0,,,,,21.6,168.2,1004.4,12.5,8.9,339.6,29.3,10,,2016-07-02T04:50:11,2016-07-02T19:46:41,0.92,Clear,Clear conditions throughout the day.,clear-day,"ZBAA,54511099999"
603,603,2014,Beijing,34.0,17.0,26.1,33.0,17.0,25.8,13.9,50.6,0.0,0,0.0,,,,,18.0,175.4,1012.9,35.0,10.0,277.8,23.9,9,,2014-08-27T05:37:01,2014-08-27T18:54:29,0.05,Partially cloudy,Becoming cloudy in the afternoon.,partly-cloudy-day,"ZBAA,54511099999"
3441,3441,2022,Beijing,34.0,21.0,26.6,34.6,21.0,26.9,63.7,59.7,0.012,100,4.17,rain,0.0,0.0,17.9,13.4,27.7,1001.5,66.2,7.3,228.9,19.7,9,10.0,2022-06-04T04:47:08,2022-06-04T19:38:43,0.16,"Rain, Partially cloudy",Partly cloudy throughout the day with morning rain.,precipitation,"ZBAA,54511099999"
2386,2386,2019,Beijing,34.0,22.0,28.4,37.3,22.0,30.3,20.7,64.6,0.0,0,0.0,,0.0,0.0,,14.4,138.8,1004.6,45.6,9.1,293.6,25.4,9,,2019-07-15T04:57:59,2019-07-15T19:42:23,0.44,Partially cloudy,Partly cloudy throughout the day.,partly-cloudy-day,"ZBAA,54511099999"
2385,2385,2019,Beijing,34.0,20.0,27.3,35.1,20.0,27.9,18.6,61.9,0.0,0,0.0,,0.0,0.0,57.6,28.8,75.8,1001.9,25.5,11.8,304.0,26.3,9,,2019-07-14T04:57:15,2019-07-14T19:42:55,0.4,Partially cloudy,Clearing in the afternoon.,partly-cloudy-day,"ZBAA,54511099999"
2782,2782,2020,Beijing,34.0,24.0,29.3,40.6,24.0,32.5,23.7,74.4,0.0,0,0.0,,0.0,0.0,25.2,14.4,177.8,1000.1,55.3,9.9,207.7,18.0,8,,2020-08-14T05:25:14,2020-08-14T19:12:21,0.84,Partially cloudy,Partly cloudy throughout the day.,partly-cloudy-day,"ZBAA,54511099999"
1255,1255,2016,Beijing,34.0,19.4,26.5,33.0,19.4,26.2,16.0,58.1,0.0,0,0.0,,,,,32.4,182.6,1005.1,37.9,6.7,303.4,26.2,9,,2016-06-09T04:45:46,2016-06-09T19:41:54,0.13,Partially cloudy,Partly cloudy throughout the day.,partly-cloudy-day,"ZBAA,54511099999"
2073,2073,2018,Beijing,34.0,18.0,26.0,32.3,18.0,25.4,13.1,49.9,0.0,0,0.0,,0.0,0.0,28.8,25.2,221.3,1003.0,38.2,12.0,242.9,21.0,8,,2018-09-05T05:45:29,2018-09-05T18:40:23,0.84,Partially cloudy,Partly cloudy throughout the day.,partly-cloudy-day,"ZBAA,54511099999"
611,611,2014,Beijing,34.0,15.0,24.4,33.3,15.0,24.2,15.3,62.4,0.0,0,0.0,,,,,18.0,198.7,1005.0,2.5,14.5,281.5,24.2,9,,2014-09-04T05:44:32,2014-09-04T18:42:01,0.33,Clear,Clear conditions throughout the day.,clear-day,"ZBAA,54511099999"
3426,3426,2022,Beijing,34.0,17.0,25.3,32.1,17.0,24.9,56.2,52.0,0.0,0,0.0,,0.0,0.0,21.0,11.2,195.7,1008.3,18.9,6.0,335.4,29.0,10,10.0,2022-05-20T04:55:38,2022-05-20T19:26:53,0.64,Clear,Clear conditions throughout the day.,clear-day,"ZBAA,54511099999"
2057,2057,2018,Beijing,34.0,22.0,27.6,37.3,22.0,29.4,21.6,72.3,0.1,100,4.17,rain,0.0,0.0,,18.0,224.8,1002.1,46.7,9.6,287.1,24.6,9,,2018-08-20T05:30:25,2018-08-20T19:04:45,0.29,"Rain, Partially cloudy",Partly cloudy throughout the day with early morning rain.,precipitation,"ZBAA,54511099999"
2792,2792,2020,Beijing,34.0,19.8,25.4,35.1,19.8,26.0,19.2,72.2,44.9,100,12.5,rain,0.0,0.0,32.4,21.6,325.6,999.5,48.2,12.0,237.6,20.7,8,,2020-08-24T05:34:43,2020-08-24T18:58:12,0.18,"Rain, Partially cloudy",Partly cloudy throughout the day with rain clearing later.,precipitation,"ZBAA,54511099999"
912,912,2015,Beijing,34.0,16.0,26.1,32.1,16.0,25.3,10.7,42.4,0.0,0,0.0,,,,46.8,21.6,347.1,1002.0,7.4,12.3,354.6,30.7,10,,2015-07-02T04:49:47,2015-07-02T19:46:46,0.5,Clear,Clear conditions throughout the day.,clear-day,"ZBAA,54511099999"
1604,1604,2017,Beijing,34.0,13.3,25.5,31.5,13.3,24.4,6.5,38.5,0.0,0,0.0,,,,43.2,32.4,255.4,1008.4,8.1,11.9,352.3,30.4,10,,2017-05-24T04:52:31,2017-05-24T19:30:29,0.94,Clear,Clear conditions throughout the day.,clear-day,"ZBAA,54511099999"
1631,1631,2017,Beijing,34.0,20.0,27.7,33.0,20.0,27.4,14.0,45.5,0.0,0,0.0,,,,,14.4,151.6,1002.3,28.4,12.2,325.4,28.0,9,,2017-06-20T04:45:53,2017-06-20T19:46:06,0.86,Partially cloudy,Partly cloudy throughout the day.,partly-cloudy-day,"ZBAA,54511099999"
3085,3085,2021,Beijing,34.0,24.0,27.3,37.3,24.0,28.4,70.3,70.9,0.004,100,4.17,rain,0.0,0.0,17.9,8.9,120.6,1003.8,38.6,4.0,172.2,14.7,7,,2021-06-13T04:45:25,2021-06-13T19:43:48,0.09,"Rain, Partially cloudy",Partly cloudy throughout the day with late afternoon rain.,precipitation,"ZBAA,54511099999"
3815,3815,2023,Beijing,34.0,17.0,26.3,32.5,17.0,25.7,52.9,43.5,0.0,0,0.0,,0.0,0.0,20.1,8.9,91.2,1004.2,24.1,8.1,287.0,24.8,9,10.0,2023-06-13T04:45:28,2023-06-13T19:43:36,0.82,Partially cloudy,Becoming cloudy in the afternoon.,partly-cloudy-day,"ZBAA,54511099999"
2012,2012,2018,Beijing,34.0,21.6,28.3,37.3,21.6,29.7,20.4,65.1,0.0,0,0.0,,0.0,0.0,,18.0,112.8,1006.0,34.3,10.1,307.3,26.5,9,,2018-07-06T04:52:06,2018-07-06T19:45:57,0.75,Partially cloudy,Becoming cloudy in the afternoon.,partly-cloudy-day,"ZBAA,54511099999"
3099,3099,2021,Beijing,34.0,20.0,27.2,34.7,20.0,28.2,67.6,67.0,0.0,0,0.0,,0.0,0.0,13.4,8.9,98.2,1003.6,10.2,5.1,305.6,26.5,9,,2021-06-27T04:47:54,2021-06-27T19:47:04,0.58,Clear,Clear conditions throughout the day.,clear-day,"ZBAA,54511099999"
3822,3822,2023,Beijing,34.0,20.0,26.4,34.1,20.0,26.4,62.0,60.4,0.0,0,0.0,,0.0,0.0,20.4,11.2,34.1,1001.9,22.9,5.8,311.3,27.1,9,30.0,2023-06-20T04:45:52,2023-06-20T19:46:05,0.06,Partially cloudy,Becoming cloudy in the afternoon.,partly-cloudy-day,"ZBAA,54511099999"
507,507,2014,Beijing,34.0,22.0,28.1,32.7,22.0,27.6,13.0,41.3,0.0,0,0.0,,,,,25.2,186.9,1009.6,64.3,8.6,246.4,21.3,9,,2014-05-23T04:53:24,2014-05-23T19:29:24,0.8,Partially cloudy,Partly cloudy throughout the day.,partly-cloudy-day,"ZBAA,54511099999"
2351,2351,2019,Beijing,34.0,18.0,25.7,32.1,18.0,25.1,13.4,51.7,0.0,0,0.0,,0.0,0.0,,21.6,101.6,1005.8,9.2,10.9,332.9,28.6,9,,2019-06-10T04:45:44,2019-06-10T19:42:04,0.25,Clear,Clear conditions throughout the day.,clear-day,"ZBAA,54511099999"
3843,3843,2023,Beijing,34.0,24.4,29.8,37.3,24.4,31.7,69.3,59.3,0.0,0,0.0,rain,0.0,0.0,22.4,11.2,122.6,1001.9,61.8,7.2,278.5,24.1,9,30.0,2023-07-11T04:55:12,2023-07-11T19:44:22,0.77,Partially cloudy,Partly cloudy throughout the day.,partly-cloudy-day,"ZBAA,54511099999"
882,882,2015,Beijing,34.0,22.0,27.9,31.5,22.0,26.7,4.4,29.8,0.0,0,0.0,,,,,27.1,25.0,1007.8,47.2,10.3,322.2,27.7,9,,2015-06-02T04:47:57,2015-06-02T19:37:05,0.48,Partially cloudy,Partly cloudy throughout the day.,partly-cloudy-day,"ZBAA,54511099999"
3847,3847,2023,Beijing,34.0,27.8,30.2,33.3,27.7,29.8,57.8,38.3,0.0,0,0.0,,0.0,0.0,29.1,20.1,324.3,1000.5,51.3,8.1,218.0,18.7,8,10.0,2023-07-15T04:58:03,2023-07-15T19:42:25,0.91,Partially cloudy,Partly cloudy throughout the day.,partly-cloudy-day,"ZBAA,54511099999"
2369,2369,2019,Beijing,34.0,23.4,28.1,34.6,23.4,28.5,18.4,58.0,0.6,100,4.17,rain,0.0,0.0,39.6,21.6,264.4,997.1,50.9,10.8,232.8,20.0,8,,2019-06-28T04:48:04,2019-06-28T19:47:03,0.85,"Rain, Partially cloudy",Partly cloudy throughout the day with early morning rain.,precipitation,"ZBAA,54511099999"
3077,3077,2021,Beijing,34.0,13.0,26.1,31.6,13.0,24.8,41.0,32.6,0.0,0,0.0,,0.0,0.0,31.3,13.4,281.8,998.0,10.8,7.6,356.4,30.7,10,,2021-06-05T04:46:44,2021-06-05T19:39:30,0.82,Clear,Clear conditions throughout the day.,clear-day,"ZBAA,54511099999"
3855,3855,2023,Beijing,34.0,21.0,27.7,37.3,21.0,29.4,70.1,71.0,0.0,0,0.0,,0.0,0.0,16.3,11.2,166.2,1003.6,14.7,6.5,318.6,27.6,9,30.0,2023-07-23T05:04:28,2023-07-23T19:37:01,0.18,Clear,Clear conditions throughout the day.,clear-day,"ZBAA,54511099999"
1995,1995,2018,Beijing,34.0,22.0,27.2,33.5,22.0,27.4,18.3,61.7,0.0,0,0.0,,0.0,0.0,,18.0,114.5,1002.4,24.3,8.3,319.5,27.7,9,,2018-06-19T04:45:42,2018-06-19T19:45:48,0.19,Partially cloudy,Partly cloudy throughout the day.,partly-cloudy-day,"ZBAA,54511099999"
3063,3063,2021,Beijing,34.0,16.0,25.3,34.6,16.0,25.8,61.6,60.5,0.157,100,4.17,rain,0.0,0.0,35.8,17.9,200.0,1003.7,32.0,6.1,282.3,24.4,9,,2021-05-22T04:53:55,2021-05-22T19:28:51,0.35,"Rain, Partially cloudy",Becoming cloudy in the afternoon with late afternoon rain.,precipitation,"ZBAA,54511099999"
1969,1969,2018,Beijing,34.0,13.0,24.6,32.0,13.0,24.1,11.3,49.5,0.0,0,0.0,,0.0,0.0,,21.6,183.9,1000.9,34.8,10.5,339.8,29.2,10,,2018-05-24T04:52:41,2018-05-24T19:30:17,0.31,Partially cloudy,Partly cloudy throughout the day.,partly-cloudy-day,"ZBAA,54511099999"
880,880,2015,Beijing,34.0,18.2,26.8,33.3,18.2,26.5,14.1,48.4,0.0,0,0.0,,,,,21.6,192.5,1000.8,28.4,9.7,328.7,28.5,9,,2015-05-31T04:48:50,2015-05-31T19:35:39,0.42,Partially cloudy,Partly cloudy throughout the day.,partly-cloudy-day,"ZBAA,54511099999"
874,874,2015,Beijing,34.0,20.0,27.4,33.0,20.0,26.9,13.5,44.6,0.0,0,0.0,,,,39.6,25.2,189.5,1005.5,24.4,7.8,294.7,25.5,9,,2015-05-25T04:52:13,2015-05-25T19:30:54,0.23,Partially cloudy,Partly cloudy throughout the day.,partly-cloudy-day,"ZBAA,54511099999"
3059,3059,2021,Beijing,34.0,11.0,22.9,31.5,11.0,22.3,46.1,43.6,0.0,0,0.0,,0.0,0.0,33.6,20.1,200.8,1004.8,14.8,6.9,321.0,27.8,9,,2021-05-18T04:57:04,2021-05-18T19:25:17,0.22,Clear,Clear conditions throughout the day.,clear-day,"ZBAA,54511099999"
1693,1693,2017,Beijing,34.0,24.0,28.4,40.6,24.0,31.4,23.4,75.8,0.0,0,0.0,,,,,14.4,193.7,1005.0,21.1,5.2,229.3,19.9,7,,2017-08-21T05:31:35,2017-08-21T19:02:58,0.98,Partially cloudy,Partly cloudy throughout the day.,partly-cloudy-day,"ZBAA,54511099999"
3106,3106,2021,Beijing,34.0,22.0,27.1,33.3,22.0,27.3,65.7,64.5,0.0,0,0.0,,0.0,0.0,20.1,13.4,257.5,1003.6,11.2,6.8,334.8,28.9,9,,2021-07-04T04:51:09,2021-07-04T19:46:24,0.81,Clear,Clear conditions throughout the day.,clear-day,"ZBAA,54511099999"
515,515,2014,Beijing,34.0,21.0,27.1,34.1,21.0,27.1,15.2,50.2,0.0,0,0.0,,,,75.6,50.4,156.1,1007.0,35.3,7.3,198.5,17.3,7,,2014-05-31T04:48:43,2014-05-31T19:35:49,0.08,Partially cloudy,Partly cloudy throughout the day.,overcast,"ZBAA,54511099999"
520,520,2014,Beijing,34.0,20.5,28.0,33.0,20.5,27.7,15.1,48.3,0.0,0,0.0,,,,,14.4,195.8,1004.2,21.2,10.5,275.2,23.7,9,,2014-06-05T04:46:48,2014-06-05T19:39:15,0.24,Partially cloudy,Becoming cloudy in the afternoon.,partly-cloudy-day,"ZBAA,54511099999"
1677,1677,2017,Beijing,34.0,23.0,27.9,39.4,23.0,30.2,22.2,72.8,5.0,100,4.17,rain,,,43.2,25.2,100.1,1001.5,34.7,10.1,241.0,20.9,8,,2017-08-05T05:16:28,2017-08-05T19:23:49,0.42,"Rain, Partially cloudy",Partly cloudy throughout the day with afternoon rain.,precipitation,"ZBAA,54511099999"
570,570,2014,Beijing,34.0,20.0,27.3,34.6,20.0,27.5,17.4,58.8,0.0,0,0.0,,,,,18.0,119.8,1005.6,11.3,10.0,310.9,26.6,9,,2014-07-25T05:06:17,2014-07-25T19:35:09,0.94,Clear,Clear conditions throughout the day.,clear-day,"ZBAA,54511099999"
1611,1611,2017,Beijing,34.0,16.0,25.2,33.3,16.0,25.0,14.8,58.0,0.0,0,0.0,,,,43.2,25.2,189.4,999.3,22.5,8.2,337.0,29.0,10,,2017-05-31T04:48:35,2017-05-31T19:36:01,0.18,Partially cloudy,Partly cloudy throughout the day.,partly-cloudy-day,"ZBAA,54511099999"
3787,3787,2023,Beijing,34.0,23.0,27.8,35.1,23.0,28.6,66.0,60.3,0.0,0,0.0,rain,0.0,0.0,20.1,13.4,127.3,996.7,35.4,5.9,284.4,24.7,9,10.0,2023-05-16T04:59:15,2023-05-16T19:23:01,0.87,Partially cloudy,Partly cloudy throughout the day.,partly-cloudy-day,"ZBAA,54511099999"
2034,2034,2018,Beijing,34.0,25.0,29.7,39.4,25.0,33.3,23.5,71.6,0.0,0,0.0,,0.0,0.0,,10.8,131.9,1007.1,22.1,8.3,290.0,25.1,9,,2018-07-28T05:08:57,2018-07-28T19:32:26,0.5,Partially cloudy,Partly cloudy throughout the day.,partly-cloudy-day,"ZBAA,54511099999"
130,130,2013,Beijing,34.0,10.1,23.5,31.6,10.1,22.7,-1.1,29.9,0.0,0,0.0,,,,46.8,28.8,324.7,995.1,2.1,24.4,345.5,29.8,10,,2013-05-11T05:03:38,2013-05-11T19:18:36,0.04,Clear,Clear conditions throughout the day.,clear-day,"ZBAA,54511099999"
563,563,2014,Beijing,34.0,24.3,29.1,39.4,24.3,32.0,22.5,68.7,0.0,0,0.0,,,,,14.4,149.4,1006.8,9.0,4.8,284.5,24.3,8,,2014-07-18T05:00:27,2014-07-18T19:40:26,0.7,Clear,Clear conditions throughout the day.,clear-day,"ZBAA,54511099999"
2032,2032,2018,Beijing,34.0,23.0,29.1,37.3,23.0,31.0,21.1,64.3,0.0,0,0.0,,0.0,0.0,,10.8,29.2,1005.2,12.0,12.3,320.9,27.8,9,,2018-07-26T05:07:11,2018-07-26T19:34:16,0.44,Clear,Clear conditions throughout the day.,clear-day,"ZBAA,54511099999"
3134,3134,2021,Beijing,34.0,23.1,28.5,34.6,23.1,28.8,63.8,54.4,0.0,0,0.0,,0.0,0.0,23.3,15.7,319.9,999.3,5.0,8.1,314.9,27.1,9,,2021-08-01T05:12:51,2021-08-01T19:28:14,0.76,Clear,Clear conditions throughout the day.,clear-day,"ZBAA,54511099999"
3133,3133,2021,Beijing,34.0,21.0,27.9,42.4,21.0,31.9,74.4,79.0,0.0,0,0.0,,0.0,0.0,22.4,6.7,122.3,994.9,15.6,7.1,280.2,24.2,8,,2021-07-31T05:11:56,2021-07-31T19:29:16,0.75,Clear,Clear conditions throughout the day.,clear-day,"ZBAA,54511099999"
557,557,2014,Beijing,34.0,25.0,29.4,32.3,25.0,28.6,11.8,35.0,0.0,0,0.0,,,,,18.0,52.8,1002.1,52.2,27.5,292.2,25.3,8,,2014-07-12T04:55:57,2014-07-12T19:43:46,0.5,Partially cloudy,Partly cloudy throughout the day.,partly-cloudy-day,"ZBAA,54511099999"
896,896,2015,Beijing,34.0,21.6,27.0,33.3,21.6,26.9,16.6,56.1,0.0,0,0.0,,,,39.6,28.8,186.0,1003.4,48.4,8.2,215.1,18.5,7,,2015-06-16T04:45:24,2015-06-16T19:44:45,0.0,Partially cloudy,Partly cloudy throughout the day.,partly-cloudy-day,"ZBAA,54511099999"
553,553,2014,Beijing,34.0,24.0,28.4,34.6,24.0,28.7,18.5,58.5,0.0,0,0.0,,,,,21.6,14.8,1001.9,53.9,11.1,233.9,20.2,9,,2014-07-08T04:53:18,2014-07-08T19:45:21,0.36,Partially cloudy,Becoming cloudy in the afternoon.,partly-cloudy-day,"ZBAA,54511099999"
3805,3805,2023,Beijing,34.0,14.0,25.6,31.8,14.0,24.9,48.4,39.5,0.0,0,0.0,,0.0,0.0,18.3,8.9,255.7,1009.5,47.5,7.7,312.8,26.8,9,10.0,2023-06-03T04:47:35,2023-06-03T19:37:53,0.47,Partially cloudy,Partly cloudy throughout the day.,partly-cloudy-day,"ZBAA,54511099999"
3806,3806,2023,Beijing,34.0,19.0,27.4,31.6,19.0,26.3,46.3,33.0,0.0,0,0.0,rain,0.0,0.0,23.0,15.7,193.1,1008.5,91.6,8.0,319.7,27.7,9,10.0,2023-06-04T04:47:13,2023-06-04T19:38:34,0.5,Overcast,Cloudy skies throughout the day.,overcast,"ZBAA,54511099999"
542,542,2014,Beijing,34.0,22.0,28.6,32.5,22.0,27.8,13.1,42.0,0.0,0,0.0,,,,36.0,21.3,15.8,1006.1,21.1,25.4,353.9,30.7,10,,2014-06-27T04:47:45,2014-06-27T19:47:01,0.0,Partially cloudy,Becoming cloudy in the afternoon.,partly-cloudy-day,"ZBAA,54511099999"
2021,2021,2018,Beijing,34.0,25.0,29.7,42.0,25.0,34.1,24.4,74.8,0.0,0,0.0,,0.0,0.0,,14.4,132.9,1004.5,37.5,7.2,277.3,24.0,8,,2018-07-15T04:58:10,2018-07-15T19:42:14,0.07,Partially cloudy,Partly cloudy throughout the day.,partly-cloudy-day,"ZBAA,54511099999"
2767,2767,2020,Beijing,34.0,24.0,28.7,39.3,24.0,31.7,23.4,75.2,0.0,0,0.0,,0.0,0.0,25.2,14.4,161.4,1008.3,38.0,7.3,260.3,22.5,8,,2020-07-30T05:11:14,2020-07-30T19:30:01,0.34,Partially cloudy,Partly cloudy throughout the day.,partly-cloudy-day,"ZBAA,54511099999"
1321,1321,2016,Beijing,34.0,21.0,28.1,34.6,21.0,29.1,18.9,60.0,0.1,100,4.17,rain,,,,18.0,18.7,1005.8,52.1,12.2,240.2,20.8,9,,2016-08-14T05:25:11,2016-08-14T19:12:21,0.36,"Rain, Partially cloudy",Partly cloudy throughout the day with early morning rain.,precipitation,"ZBAA,54511099999"
1972,1972,2018,Beijing,34.0,16.0,26.4,31.5,16.0,25.3,5.5,32.7,0.0,0,0.0,,0.0,0.0,,25.2,197.7,1006.0,18.7,10.6,348.8,30.1,10,,2018-05-27T04:50:48,2018-05-27T19:32:46,0.41,Clear,Clear conditions throughout the day.,clear-day,"ZBAA,54511099999"
3488,3488,2022,Beijing,34.0,22.0,28.1,36.1,22.0,29.4,68.9,65.7,0.0,0,0.0,,0.0,0.0,17.9,8.9,135.5,1006.1,4.7,6.7,320.0,27.8,9,10.0,2022-07-21T05:02:59,2022-07-21T19:38:22,0.75,Clear,Clear conditions throughout the day.,clear-day,"ZBAA,54511099999"
200,200,2013,Beijing,34.0,23.0,27.9,32.5,23.0,28.3,18.7,63.2,0.0,0,0.0,,,,,10.8,106.2,1003.6,21.5,6.3,285.1,24.6,9,,2013-07-20T05:02:15,2013-07-20T19:38:53,0.41,Partially cloudy,Partly cloudy throughout the day.,partly-cloudy-day,"ZBAA,54511099999"
3490,3490,2022,Beijing,34.0,22.0,27.5,35.1,22.0,28.2,67.7,66.4,0.122,100,8.33,rain,0.0,0.0,29.1,13.4,271.1,1003.0,20.5,7.8,320.6,27.8,9,30.0,2022-07-23T05:04:39,2022-07-23T19:36:49,0.81,"Rain, Partially cloudy",Partly cloudy throughout the day with rain clearing later.,precipitation,"ZBAA,54511099999"
3491,3491,2022,Beijing,34.0,23.0,28.0,39.3,23.0,30.3,71.7,71.6,0.0,0,0.0,,0.0,0.0,24.6,8.9,147.4,1002.0,15.9,6.0,320.5,27.6,9,30.0,2022-07-24T05:05:31,2022-07-24T19:36:00,0.85,Clear,Clear conditions throughout the day.,clear-day,"ZBAA,54511099999"
2719,2719,2020,Beijing,34.0,21.0,27.4,33.3,21.0,27.3,15.5,50.8,0.0,0,0.0,,0.0,0.0,32.4,18.0,165.7,1002.1,77.7,11.2,226.2,19.7,8,,2020-06-12T04:45:27,2020-06-12T19:43:26,0.71,Partially cloudy,Partly cloudy throughout the day.,partly-cloudy-day,"ZBAA,54511099999"
1328,1328,2016,Beijing,34.0,22.0,28.1,39.4,22.0,30.5,21.9,70.8,0.0,0,0.0,,,,,14.4,138.0,1009.0,36.2,9.8,268.4,23.1,9,,2016-08-21T05:31:49,2016-08-21T19:02:37,0.6,Partially cloudy,Partly cloudy throughout the day.,partly-cloudy-day,"ZBAA,54511099999"
956,956,2015,Beijing,34.0,20.0,27.6,32.7,20.0,27.3,15.7,52.9,0.0,0,0.0,,,,,19.7,10.8,1004.6,0.0,11.4,308.4,26.6,9,,2015-08-15T05:25:25,2015-08-15T19:12:01,0.02,Clear,Clear conditions throughout the day.,clear-day,"ZBAA,54511099999"
2758,2758,2020,Beijing,34.0,24.0,29.0,35.3,24.0,30.0,19.0,56.8,0.0,0,0.0,,0.0,0.0,28.8,18.0,170.9,1007.7,64.0,11.1,210.9,18.4,7,,2020-07-21T05:03:21,2020-07-21T19:37:58,0.0,Partially cloudy,Partly cloudy throughout the day.,partly-cloudy-day,"ZBAA,54511099999"
3520,3520,2022,Beijing,34.0,20.0,26.6,32.9,20.0,26.5,64.1,66.3,0.882,100,8.33,rain,0.0,0.0,26.8,17.9,341.5,1003.0,67.0,5.9,237.7,20.7,9,10.0,2022-08-22T05:32:23,2022-08-22T19:01:53,0.83,"Rain, Partially cloudy",Partly cloudy throughout the day with rain clearing later.,precipitation,"ZBAA,54511099999"
210,210,2013,Beijing,34.0,23.1,28.7,39.4,23.1,31.0,22.2,69.9,0.0,0,0.0,,,,,14.4,151.8,997.2,16.4,6.5,300.2,25.9,9,,2013-07-30T05:10:55,2013-07-30T19:30:17,0.75,Clear,Clear conditions throughout the day.,clear-day,"ZBAA,54511099999"
2726,2726,2020,Beijing,34.0,19.0,27.0,33.3,19.0,26.6,14.8,50.9,0.1,100,4.17,rain,0.0,0.0,39.6,25.2,207.4,1006.3,31.6,11.4,308.8,26.4,9,,2020-06-19T04:45:48,2020-06-19T19:45:58,0.93,"Rain, Partially cloudy",Partly cloudy throughout the day with early morning rain.,precipitation,"ZBAA,54511099999"
2756,2756,2020,Beijing,34.0,20.0,25.9,33.0,20.0,26.1,18.6,68.9,0.0,0,0.0,,0.0,0.0,25.2,10.8,9.4,1002.6,30.0,9.2,284.3,24.6,9,,2020-07-19T05:01:43,2020-07-19T19:39:26,0.95,Partially cloudy,Partly cloudy throughout the day.,partly-cloudy-day,"ZBAA,54511099999"
3499,3499,2022,Beijing,34.0,25.0,29.6,43.6,25.0,35.2,78.2,81.0,0.0,0,0.0,,0.0,0.0,11.2,6.7,141.1,1004.8,0.0,5.0,306.7,26.7,9,30.0,2022-08-01T05:12:38,2022-08-01T19:28:30,0.12,Clear,Clear conditions throughout the day.,clear-day,"ZBAA,54511099999"
2435,2435,2019,Beijing,34.0,17.0,25.5,32.7,17.0,25.2,14.5,55.3,0.0,0,0.0,,0.0,0.0,,16.3,188.8,1015.3,7.5,11.2,263.7,22.8,8,,2019-09-02T05:42:28,2019-09-02T18:45:32,0.09,Clear,Clear conditions throughout the day.,clear-day,"ZBAA,54511099999"
2436,2436,2019,Beijing,34.0,17.0,25.4,34.1,17.0,25.5,16.7,61.9,0.0,0,0.0,,0.0,0.0,,14.4,136.8,1013.8,1.7,9.6,255.5,22.1,8,,2019-09-03T05:43:24,2019-09-03T18:43:58,0.13,Clear,Clear conditions throughout the day.,clear-day,"ZBAA,54511099999"
2334,2334,2019,Beijing,34.0,18.0,26.4,32.1,18.0,25.8,11.7,44.7,0.0,0,0.0,,0.0,0.0,36.0,21.6,171.5,1003.2,76.1,10.7,174.0,15.2,5,,2019-05-24T04:52:52,2019-05-24T19:30:06,0.67,Partially cloudy,Partly cloudy throughout the day.,partly-cloudy-day,"ZBAA,54511099999"
2753,2753,2020,Beijing,34.0,22.0,28.6,37.3,22.0,30.4,20.6,63.5,0.0,0,0.0,,0.0,0.0,27.1,18.0,180.6,1002.6,27.7,9.9,284.7,24.6,8,,2020-07-16T04:59:20,2020-07-16T19:41:23,0.85,Partially cloudy,Partly cloudy throughout the day.,partly-cloudy-day,"ZBAA,54511099999"
2335,2335,2019,Beijing,34.0,19.0,27.2,34.6,19.0,27.5,15.6,50.9,0.0,0,0.0,,0.0,0.0,,14.4,134.2,1002.5,32.6,10.2,304.7,26.0,9,,2019-05-25T04:52:12,2019-05-25T19:30:56,0.7,Partially cloudy,Partly cloudy throughout the day.,partly-cloudy-day,"ZBAA,54511099999"
2439,2439,2019,Beijing,34.0,17.0,25.4,33.7,17.0,25.4,16.3,61.3,0.0,0,0.0,,0.0,0.0,,10.8,148.4,1007.2,17.4,9.2,237.6,20.6,8,,2019-09-06T05:46:13,2019-09-06T18:39:10,0.25,Clear,Clear conditions throughout the day.,clear-day,"ZBAA,54511099999"
1300,1300,2016,Beijing,34.0,24.0,28.4,43.5,24.0,32.7,24.5,80.1,0.0,0,0.0,,,,,21.6,129.9,1003.9,61.5,8.5,251.3,21.6,8,,2016-07-24T05:05:52,2016-07-24T19:35:34,0.65,Partially cloudy,Partly cloudy throughout the day.,partly-cloudy-day,"ZBAA,54511099999"
2744,2744,2020,Beijing,34.0,20.3,27.3,32.1,20.3,26.7,14.1,51.3,0.1,100,4.17,rain,0.0,0.0,50.4,18.0,24.2,1005.3,3.2,11.7,339.9,29.2,10,,2020-07-07T04:53:02,2020-07-07T19:45:32,0.56,Rain,Clear conditions throughout the day with morning rain.,precipitation,"ZBAA,54511099999"
1302,1302,2016,Beijing,34.0,23.0,28.7,35.9,23.0,30.2,19.7,59.4,0.5,100,4.17,rain,,,,18.0,63.0,1003.5,31.3,11.5,315.1,27.3,9,,2016-07-26T05:07:36,2016-07-26T19:33:49,0.72,"Rain, Partially cloudy",Partly cloudy throughout the day with early morning rain.,precipitation,"ZBAA,54511099999"
3505,3505,2022,Beijing,34.0,26.8,29.2,45.3,30.8,36.9,80.7,88.8,0.177,100,12.5,rain,0.0,0.0,13.2,6.7,159.7,999.9,46.9,5.1,174.2,15.1,8,60.0,2022-08-07T05:18:12,2022-08-07T19:21:48,0.33,"Rain, Partially cloudy",Clearing in the afternoon with a chance of rain throughout the day.,precipitation,"ZBAA,54511099999"
934,934,2015,Beijing,34.0,23.0,26.7,35.1,23.0,27.6,21.0,73.4,0.0,0,0.0,,,,32.4,10.8,160.2,1001.4,29.3,8.4,260.7,22.5,8,,2015-07-24T05:05:12,2015-07-24T19:36:11,0.25,Partially cloudy,Partly cloudy throughout the day.,partly-cloudy-day,"ZBAA,54511099999"
2729,2729,2020,Beijing,34.0,24.5,29.0,34.6,24.5,29.4,17.4,51.2,0.0,0,0.0,,0.0,0.0,32.4,25.2,156.7,1003.3,77.3,10.8,225.7,19.2,7,,2020-06-22T04:46:24,2020-06-22T19:46:36,0.03,Partially cloudy,Partly cloudy throughout the day.,partly-cloudy-day,"ZBAA,54511099999"
935,935,2015,Beijing,34.0,22.0,27.8,37.3,22.0,30.0,21.6,70.9,0.0,0,0.0,,,,,14.4,179.4,1000.5,21.9,8.3,287.8,24.8,9,,2015-07-25T05:06:04,2015-07-25T19:35:21,0.3,Partially cloudy,Partly cloudy throughout the day.,partly-cloudy-day,"ZBAA,54511099999"
1309,1309,2016,Beijing,34.0,24.0,29.2,38.3,24.0,31.5,22.5,69.6,0.0,0,0.0,,,,,14.4,96.3,1009.2,19.6,9.3,299.2,26.1,9,,2016-08-02T05:13:55,2016-08-02T19:26:53,0.97,Clear,Clear conditions throughout the day.,clear-day,"ZBAA,54511099999"
1311,1311,2016,Beijing,34.0,26.0,29.7,42.0,26.0,34.4,24.4,74.4,0.0,0,0.0,,,,,14.4,147.6,1009.4,23.7,4.7,241.2,20.8,7,,2016-08-04T05:15:47,2016-08-04T19:24:41,0.04,Partially cloudy,Partly cloudy throughout the day.,partly-cloudy-day,"ZBAA,54511099999"
1317,1317,2016,Beijing,34.0,25.9,29.7,40.6,25.9,34.4,24.6,75.4,0.0,0,0.0,,,,,18.0,179.0,1006.4,36.2,6.3,275.5,23.8,9,,2016-08-10T05:21:24,2016-08-10T19:17:32,0.24,Partially cloudy,Partly cloudy throughout the day.,partly-cloudy-day,"ZBAA,54511099999"
236,236,2013,Beijing,34.0,19.1,27.2,33.9,19.1,27.0,16.0,54.8,0.0,0,0.0,,,,,21.6,166.2,1006.3,7.9,20.1,279.0,24.0,9,,2013-08-25T05:35:21,2013-08-25T18:57:07,0.63,Clear,Clear conditions throughout the day.,clear-day,"ZBAA,54511099999"
2677,2677,2020,Beijing,34.0,16.0,25.8,34.1,16.0,25.9,15.9,57.4,0.0,0,0.0,,0.0,0.0,28.8,18.0,143.3,1002.0,2.0,6.4,288.4,24.9,9,,2020-05-01T05:14:41,2020-05-01T19:09:03,0.25,Clear,Clear conditions throughout the day.,clear-day,"ZBAA,54511099999"
969,969,2015,Beijing,34.0,19.0,25.9,33.3,19.0,25.9,16.8,61.5,0.0,0,0.0,,,,28.8,14.4,55.4,1007.4,32.6,11.3,259.9,22.5,8,,2015-08-28T05:37:43,2015-08-28T18:53:19,0.45,Partially cloudy,Partly cloudy throughout the day.,partly-cloudy-day,"ZBAA,54511099999"
2429,2429,2019,Beijing,34.0,18.0,26.8,32.3,18.0,26.0,12.7,52.0,0.0,0,0.0,,0.0,0.0,43.2,25.2,299.1,1007.1,5.8,9.7,291.3,25.3,9,,2019-08-27T05:36:49,2019-08-27T18:54:49,0.89,Clear,Clear conditions throughout the day.,clear-day,"ZBAA,54511099999"
2762,2762,2020,Beijing,34.0,22.0,28.7,35.1,22.0,29.4,18.4,56.2,0.0,0,0.0,,0.0,0.0,25.2,7.4,182.3,1004.3,67.1,11.3,237.7,20.6,8,,2020-07-25T05:06:46,2020-07-25T19:34:43,0.16,Partially cloudy,Partly cloudy throughout the day.,partly-cloudy-day,"ZBAA,54511099999"
3486,3486,2022,Beijing,34.0,21.0,27.7,34.6,21.0,28.6,67.5,64.8,0.0,0,0.0,,0.0,0.0,16.1,9.0,124.2,1001.6,99.9,6.8,230.2,19.7,9,10.0,2022-07-19T05:01:21,2022-07-19T19:39:47,0.68,Overcast,Cloudy skies throughout the day.,overcast,"ZBAA,54511099999"
918,918,2015,Beijing,34.0,22.0,27.7,36.5,22.0,28.4,18.8,60.9,0.0,0,0.0,,,,,14.4,142.5,1010.0,19.7,5.8,299.7,25.9,9,,2015-07-08T04:53:08,2015-07-08T19:45:25,0.72,Clear,Clear conditions throughout the day.,clear-day,"ZBAA,54511099999"
2717,2717,2020,Beijing,33.8,20.8,26.4,33.2,20.8,26.3,16.9,59.8,7.0,100,4.17,rain,0.0,0.0,25.2,16.3,171.6,1006.0,24.5,8.2,296.4,25.5,9,,2020-06-10T04:45:38,2020-06-10T19:42:28,0.64,"Rain, Partially cloudy",Becoming cloudy in the afternoon with morning rain.,precipitation,"ZBAA,54511099999"
3827,3827,2023,Beijing,33.7,24.0,29.1,35.3,24.0,30.1,65.5,54.4,0.0,0,0.0,,0.0,0.0,26.8,13.4,121.6,1008.1,66.7,6.4,278.0,24.1,8,10.0,2023-06-25T04:47:03,2023-06-25T19:46:57,0.23,Partially cloudy,Partly cloudy throughout the day.,partly-cloudy-day,"ZBAA,54511099999"
937,937,2015,Beijing,33.6,23.8,28.4,40.6,23.8,31.6,23.2,74.1,0.0,0,0.0,,,,,14.4,151.6,1004.0,34.8,8.3,225.0,19.6,7,,2015-07-27T05:07:48,2015-07-27T19:33:36,0.36,Partially cloudy,Partly cloudy throughout the day.,partly-cloudy-day,"ZBAA,54511099999"
1657,1657,2017,Beijing,33.5,25.0,28.8,40.6,25.0,32.6,24.4,78.6,0.0,0,0.0,,,,,14.4,137.0,1008.1,30.4,5.6,234.8,20.3,7,,2017-07-16T04:59:06,2017-07-16T19:41:30,0.75,Partially cloudy,Partly cloudy throughout the day.,partly-cloudy-day,"ZBAA,54511099999"
3786,3786,2023,Beijing,33.5,16.2,24.4,34.0,16.2,24.5,60.5,61.8,0.0,0,0.0,,0.0,0.0,30.6,7.7,140.1,998.5,4.5,5.0,334.4,29.1,10,10.0,2023-05-15T05:00:10,2023-05-15T19:22:05,0.84,Clear,Clear conditions throughout the day.,clear-day,"ZBAA,54511099999"
1655,1655,2017,Beijing,33.4,23.0,28.3,40.7,23.0,31.7,23.2,74.6,0.0,0,0.0,,,,43.2,25.2,52.6,1001.6,70.7,10.8,187.8,16.3,6,,2017-07-14T04:57:35,2017-07-14T19:42:38,0.68,Partially cloudy,Partly cloudy throughout the day.,partly-cloudy-day,"ZBAA,54511099999"
3858,3858,2023,Beijing,33.3,24.0,27.7,40.6,24.0,30.5,76.3,84.3,1.142,100,8.33,rain,0.0,0.0,33.6,17.9,146.7,1009.1,36.2,4.8,312.8,27.1,9,60.0,2023-07-26T05:07:03,2023-07-26T19:34:31,0.25,"Rain, Partially cloudy",Partly cloudy throughout the day with rain.,precipitation,"ZBAA,54511099999"
2384,2384,2019,Beijing,33.3,23.0,28.7,36.1,23.0,30.3,20.4,62.4,0.0,0,0.0,,0.0,0.0,,14.4,114.7,1000.1,29.4,7.8,288.6,24.8,8,,2019-07-13T04:56:32,2019-07-13T19:43:25,0.37,Partially cloudy,Partly cloudy throughout the day.,partly-cloudy-day,"ZBAA,54511099999"
2359,2359,2019,Beijing,33.3,18.0,25.6,33.9,18.0,26.0,18.4,68.3,0.0,0,0.0,,0.0,0.0,,10.8,79.0,1004.3,26.2,7.5,304.8,26.2,9,,2019-06-18T04:45:33,2019-06-18T19:45:27,0.53,Partially cloudy,Partly cloudy throughout the day.,partly-cloudy-day,"ZBAA,54511099999"
3810,3810,2023,Beijing,33.2,17.0,26.9,30.8,17.0,25.8,33.2,20.2,0.0,0,0.0,,0.0,0.0,26.8,15.7,296.8,1001.7,39.2,7.6,347.0,30.0,10,10.0,2023-06-08T04:46:07,2023-06-08T19:41:02,0.64,Partially cloudy,Partly cloudy throughout the day.,partly-cloudy-day,"ZBAA,54511099999"
2002,2002,2018,Beijing,33.2,21.0,27.2,37.0,21.0,28.5,21.2,71.4,0.0,0,0.0,,0.0,0.0,82.8,25.2,172.5,1000.3,28.9,5.5,251.4,21.7,8,,2018-06-26T04:47:24,2018-06-26T19:46:59,0.43,Partially cloudy,Partly cloudy throughout the day.,partly-cloudy-day,"ZBAA,54511099999"
1299,1299,2016,Beijing,33.2,23.0,28.5,43.0,23.0,33.1,25.3,83.5,0.0,0,0.0,,,,,25.2,109.0,1001.0,30.5,4.7,265.2,22.8,8,,2016-07-23T05:05:00,2016-07-23T19:36:23,0.62,Partially cloudy,Partly cloudy throughout the day.,partly-cloudy-day,"ZBAA,54511099999"
3428,3428,2022,Beijing,33.2,17.0,26.7,32.6,17.0,26.6,59.3,52.0,0.0,0,0.0,,0.0,0.0,20.1,8.9,127.1,1003.7,44.8,6.6,330.5,28.6,9,10.0,2022-05-22T04:54:07,2022-05-22T19:28:39,0.71,Partially cloudy,Becoming cloudy in the afternoon.,partly-cloudy-day,"ZBAA,54511099999"
2029,2029,2018,Beijing,33.1,26.0,29.6,39.3,26.0,33.9,23.9,72.5,0.3,100,4.17,rain,0.0,0.0,,10.8,95.0,1005.6,34.0,8.6,284.5,24.6,8,,2018-07-23T05:04:35,2018-07-23T19:36:47,0.34,"Rain, Partially cloudy",Partly cloudy throughout the day with morning rain.,precipitation,"ZBAA,54511099999"
1639,1639,2017,Beijing,33.1,23.0,28.0,36.4,23.0,29.7,20.6,65.0,0.0,0,0.0,,,,,11.0,102.5,1005.7,49.3,6.6,212.8,18.6,6,,2017-06-28T04:48:14,2017-06-28T19:47:01,0.13,Partially cloudy,Partly cloudy throughout the day.,partly-cloudy-day,"ZBAA,54511099999"
3856,3856,2023,Beijing,33.1,21.6,28.7,40.6,21.6,32.7,74.3,74.1,0.394,100,4.17,rain,0.0,0.0,55.6,32.2,128.5,1004.2,27.7,5.5,301.3,26.0,9,60.0,2023-07-24T05:05:19,2023-07-24T19:36:13,0.21,"Rain, Partially cloudy",Becoming cloudy in the afternoon with late afternoon rain.,precipitation,"ZBAA,54511099999"
168,168,2013,Beijing,33.1,22.0,27.9,32.0,22.0,27.6,16.2,52.6,0.0,0,0.0,,,,32.4,21.6,187.4,997.3,52.3,13.2,322.9,28.0,9,,2013-06-18T04:45:35,2013-06-18T19:45:34,0.32,Partially cloudy,Partly cloudy throughout the day.,partly-cloudy-day,"ZBAA,54511099999"
215,215,2013,Beijing,33.1,21.0,27.3,39.9,21.0,29.0,21.4,71.7,0.0,0,0.0,,,,57.6,37.9,144.0,999.7,38.3,7.5,223.5,19.3,7,,2013-08-04T05:15:31,2013-08-04T19:24:59,0.91,Partially cloudy,Becoming cloudy in the afternoon.,partly-cloudy-day,"ZBAA,54511099999"
1329,1329,2016,Beijing,33.0,24.0,28.5,35.3,24.0,29.5,20.4,64.3,0.0,0,0.0,,,,,14.6,167.2,1011.1,65.5,9.4,184.7,16.1,6,,2016-08-22T05:32:46,2016-08-22T19:01:10,0.63,Partially cloudy,Partly cloudy throughout the day.,partly-cloudy-day,"ZBAA,54511099999"
1319,1319,2016,Beijing,33.0,25.0,28.3,43.0,25.0,33.4,25.1,83.0,50.0,100,8.33,rain,,,,25.2,35.0,1005.1,48.6,7.1,202.5,17.6,7,,2016-08-12T05:23:18,2016-08-12T19:14:59,0.3,"Rain, Partially cloudy",Partly cloudy throughout the day with rain.,precipitation,"ZBAA,54511099999"
3859,3859,2023,Beijing,33.0,22.9,27.2,40.9,22.9,30.4,75.7,85.4,0.039,100,12.5,rain,0.0,0.0,38.0,22.4,110.1,1008.5,68.7,5.3,300.5,26.0,9,30.0,2023-07-27T05:07:56,2023-07-27T19:33:37,0.31,"Rain, Partially cloudy",Becoming cloudy in the afternoon with late afternoon rain.,precipitation,"ZBAA,54511099999"
2704,2704,2020,Beijing,33.0,14.7,23.7,31.2,14.7,23.2,11.5,50.6,0.0,0,0.0,,0.0,0.0,39.6,18.0,143.7,1005.4,18.7,10.8,333.8,28.9,10,,2020-05-28T04:49:58,2020-05-28T19:33:59,0.19,Clear,Clear conditions throughout the day.,clear-day,"ZBAA,54511099999"
1982,1982,2018,Beijing,33.0,21.0,28.6,31.7,21.0,27.9,10.3,33.2,0.0,0,0.0,,0.0,0.0,,21.6,82.4,1002.6,74.0,10.4,224.4,19.3,8,,2018-06-06T04:46:30,2018-06-06T19:39:54,0.75,Partially cloudy,Partly cloudy throughout the day.,partly-cloudy-day,"ZBAA,54511099999"
3135,3135,2021,Beijing,33.0,22.0,27.6,33.4,22.0,28.1,64.3,57.7,0.0,0,0.0,,0.0,0.0,22.4,11.2,27.3,1004.0,2.9,8.2,317.8,27.3,9,,2021-08-02T05:13:46,2021-08-02T19:27:10,0.79,Clear,Clear conditions throughout the day.,clear-day,"ZBAA,54511099999"
873,873,2015,Beijing,33.0,18.0,25.9,31.5,18.0,25.5,13.0,48.3,0.0,0,0.0,,,,32.4,21.6,188.0,1006.4,21.6,6.5,311.1,26.8,9,,2015-05-24T04:52:53,2015-05-24T19:30:04,0.19,Partially cloudy,Partly cloudy throughout the day.,partly-cloudy-day,"ZBAA,54511099999"
3126,3126,2021,Beijing,33.0,24.0,28.4,38.1,24.0,31.5,74.5,76.7,0.0,0,0.0,,0.0,0.0,15.7,11.2,172.6,1006.4,3.0,5.5,288.2,25.0,8,,2021-07-24T05:05:42,2021-07-24T19:35:47,0.5,Clear,Clear conditions throughout the day.,clear-day,"ZBAA,54511099999"
1326,1326,2016,Beijing,33.0,23.0,27.6,35.3,23.0,28.8,20.8,68.3,0.1,100,4.17,rain,,,,21.6,30.5,1005.2,32.1,12.1,267.3,23.2,8,,2016-08-19T05:29:56,2016-08-19T19:05:29,0.53,"Rain, Partially cloudy",Partly cloudy throughout the day with early morning rain.,precipitation,"ZBAA,54511099999"
2456,2456,2019,Beijing,33.0,16.0,24.1,30.8,16.0,23.5,11.2,52.4,0.0,0,0.0,,0.0,0.0,,18.0,296.9,1018.6,3.3,10.8,221.0,19.2,8,,2019-09-23T06:02:11,2019-09-23T18:11:16,0.81,Clear,Clear conditions throughout the day.,clear-day,"ZBAA,54511099999"
3058,3058,2021,Beijing,33.0,9.0,22.4,30.6,9.0,21.7,39.7,39.4,0.0,0,0.0,,0.0,0.0,20.1,13.4,219.8,1008.0,35.1,7.5,287.3,24.9,8,,2021-05-17T04:57:55,2021-05-17T19:24:22,0.18,Partially cloudy,Partly cloudy throughout the day.,partly-cloudy-day,"ZBAA,54511099999"
1312,1312,2016,Beijing,33.0,25.0,28.8,37.1,25.0,32.3,23.7,74.9,0.0,0,0.0,,,,,14.4,136.7,1009.2,43.5,7.3,152.1,13.2,6,,2016-08-05T05:16:42,2016-08-05T19:23:33,0.07,Partially cloudy,Partly cloudy throughout the day.,partly-cloudy-day,"ZBAA,54511099999"
962,962,2015,Beijing,33.0,18.0,26.4,32.6,18.0,26.2,15.1,52.7,0.0,0,0.0,,,,,14.4,352.1,1005.3,4.0,12.7,293.8,25.5,9,,2015-08-21T05:31:06,2015-08-21T19:03:42,0.22,Clear,Clear conditions throughout the day.,clear-day,"ZBAA,54511099999"
2734,2734,2020,Beijing,33.0,22.0,27.3,34.0,22.0,28.0,19.2,64.2,0.0,0,0.0,,0.0,0.0,21.6,14.4,144.9,1004.3,1.2,7.6,308.8,26.6,9,,2020-06-27T04:47:58,2020-06-27T19:47:04,0.21,Clear,Clear conditions throughout the day.,clear-day,"ZBAA,54511099999"
541,541,2014,Beijing,33.0,22.7,26.9,35.3,22.7,27.8,20.4,69.7,0.0,0,0.0,,,,,14.4,152.3,1002.8,17.6,5.1,291.1,25.1,9,,2014-06-26T04:47:24,2014-06-26T19:46:58,0.96,Clear,Clear conditions throughout the day.,clear-day,"ZBAA,54511099999"
2031,2031,2018,Beijing,33.0,24.0,28.7,38.1,24.0,31.0,22.6,71.9,46.6,100,8.33,rain,0.0,0.0,,14.4,4.7,1001.3,44.9,12.6,242.6,21.1,7,,2018-07-25T05:06:18,2018-07-25T19:35:08,0.41,"Rain, Partially cloudy",Partly cloudy throughout the day with early morning rain.,precipitation,"ZBAA,54511099999"
549,549,2014,Beijing,33.0,24.0,27.5,38.1,24.0,29.4,22.6,76.2,0.0,0,0.0,,,,,18.0,115.5,1004.3,9.2,2.8,157.3,13.6,5,,2014-07-04T04:50:57,2014-07-04T19:46:25,0.23,Clear,Clear conditions throughout the day.,clear-day,"ZBAA,54511099999"
3127,3127,2021,Beijing,33.0,26.0,29.4,40.7,26.0,34.2,76.4,76.5,0.0,0,0.0,,0.0,0.0,17.9,11.2,164.0,1003.0,17.0,5.4,275.1,23.6,9,,2021-07-25T05:06:34,2021-07-25T19:34:56,0.53,Clear,Clear conditions throughout the day.,clear-day,"ZBAA,54511099999"
945,945,2015,Beijing,33.0,17.0,25.9,34.6,17.0,26.6,17.8,63.4,0.0,0,0.0,,,,36.0,18.0,147.5,1001.0,39.4,11.6,320.6,27.7,9,,2015-08-04T05:15:04,2015-08-04T19:25:31,0.63,Partially cloudy,Becoming cloudy in the afternoon.,partly-cloudy-day,"ZBAA,remote,54511099999"
1959,1959,2018,Beijing,33.0,19.8,26.1,34.6,19.8,26.6,16.8,57.5,0.0,0,0.0,,0.0,0.0,,18.0,151.0,999.6,37.9,6.4,278.6,24.1,8,,2018-05-14T05:00:53,2018-05-14T19:21:16,0.96,Partially cloudy,Partly cloudy throughout the day.,partly-cloudy-day,"ZBAA,54511099999"
1313,1313,2016,Beijing,33.0,25.8,29.0,40.6,25.8,33.5,24.8,78.8,0.0,0,0.0,,,,36.0,18.0,157.2,1005.6,29.3,5.3,192.0,16.6,6,,2016-08-06T05:17:39,2016-08-06T19:22:23,0.11,Partially cloudy,Partly cloudy throughout the day.,partly-cloudy-day,"ZBAA,54511099999"
2025,2025,2018,Beijing,33.0,24.8,27.4,43.8,24.8,31.4,25.3,88.6,33.1,100,12.5,rain,0.0,0.0,43.2,25.2,114.4,1004.5,69.1,5.6,175.5,15.2,6,,2018-07-19T05:01:17,2018-07-19T19:39:45,0.21,"Rain, Partially cloudy",Partly cloudy throughout the day with rain.,precipitation,"ZBAA,54511099999"
881,881,2015,Beijing,33.0,23.1,28.2,34.6,23.1,29.1,18.6,56.6,0.0,0,0.0,,,,,18.0,128.7,1000.2,35.9,7.1,280.8,24.2,9,,2015-06-01T04:48:23,2015-06-01T19:36:23,0.45,Partially cloudy,Partly cloudy throughout the day.,partly-cloudy-day,"ZBAA,54511099999"
958,958,2015,Beijing,33.0,23.0,28.1,35.3,23.0,29.1,19.5,61.4,0.0,0,0.0,,,,,18.0,168.1,1005.7,40.1,7.5,197.5,17.0,7,,2015-08-17T05:27:18,2015-08-17T19:09:19,0.08,Partially cloudy,Partly cloudy throughout the day.,partly-cloudy-day,"ZBAA,54511099999"
196,196,2013,Beijing,33.0,22.1,27.6,32.3,22.1,27.3,17.2,58.4,0.2,100,8.33,rain,,,,21.6,359.8,999.4,11.1,16.9,342.6,29.6,10,,2013-07-16T04:59:04,2013-07-16T19:41:31,0.25,Rain,Clear conditions throughout the day with rain clearing later.,precipitation,"ZBAA,54511099999"
3089,3089,2021,Beijing,33.0,20.0,26.7,30.8,20.0,25.8,53.4,48.9,0.079,100,4.17,rain,0.0,0.0,33.6,20.1,286.7,1002.9,26.9,6.3,352.5,30.3,10,,2021-06-17T04:45:32,2021-06-17T19:45:19,0.23,"Rain, Partially cloudy",Partly cloudy throughout the day with early morning rain.,precipitation,"ZBAA,54511099999"
3078,3078,2021,Beijing,33.0,17.0,26.1,31.2,17.0,25.4,48.6,36.4,0.0,0,0.0,,0.0,0.0,24.6,8.9,78.0,1001.5,73.0,8.0,212.2,18.3,8,,2021-06-06T04:46:27,2021-06-06T19:40:07,0.86,Partially cloudy,Partly cloudy throughout the day.,partly-cloudy-day,"ZBAA,54511099999"
883,883,2015,Beijing,33.0,16.0,25.6,30.6,16.0,24.7,6.0,36.5,0.0,0,0.0,,,,43.2,25.2,200.3,1012.5,71.4,10.5,220.4,19.0,8,,2015-06-03T04:47:34,2015-06-03T19:37:47,0.5,Partially cloudy,Partly cloudy throughout the day.,partly-cloudy-day,"ZBAA,54511099999"
3835,3835,2023,Beijing,33.0,24.9,28.6,37.1,24.9,31.0,71.2,67.0,0.0,0,0.0,,0.0,0.0,17.9,6.7,118.4,1002.7,71.4,5.5,212.1,18.4,8,10.0,2023-07-03T04:50:23,2023-07-03T19:46:43,0.5,Partially cloudy,Partly cloudy throughout the day.,partly-cloudy-day,"ZBAA,54511099999"
2676,2676,2020,Beijing,33.0,12.0,23.3,32.0,12.0,23.1,12.5,53.8,0.0,0,0.0,,0.0,0.0,28.8,18.0,158.6,1004.6,3.9,7.0,300.0,25.7,9,,2020-04-30T05:15:56,2020-04-30T19:08:03,0.25,Clear,Clear conditions throughout the day.,clear-day,"ZBAA,54511099999"
3094,3094,2021,Beijing,33.0,20.0,27.3,32.3,20.0,26.9,56.5,44.7,0.0,0,0.0,,0.0,0.0,17.9,13.4,169.2,1008.5,10.0,8.1,331.5,28.7,9,,2021-06-22T04:46:21,2021-06-22T19:46:35,0.41,Clear,Clear conditions throughout the day.,clear-day,"ZBAA,54511099999"
3828,3828,2023,Beijing,33.0,22.8,26.0,34.6,22.8,26.4,66.5,67.9,0.0,0,0.0,rain,0.0,0.0,22.4,13.4,167.5,1003.5,69.8,6.4,296.1,25.6,9,10.0,2023-06-26T04:47:23,2023-06-26T19:47:02,0.25,Partially cloudy,Partly cloudy throughout the day.,partly-cloudy-day,"ZBAA,54511099999"
2720,2720,2020,Beijing,33.0,23.0,28.2,32.0,23.0,28.0,15.2,48.9,0.0,0,0.0,,0.0,0.0,39.6,21.6,22.0,1001.4,29.3,9.6,233.8,20.2,8,,2020-06-13T04:45:24,2020-06-13T19:43:53,0.75,Partially cloudy,Partly cloudy throughout the day.,partly-cloudy-day,"ZBAA,54511099999"
1975,1975,2018,Beijing,33.0,14.0,25.1,30.6,14.0,24.1,4.7,31.9,0.0,0,0.0,,0.0,0.0,,18.0,54.0,1011.0,0.0,11.9,351.0,30.4,10,,2018-05-30T04:49:11,2018-05-30T19:35:06,0.52,Clear,Clear conditions throughout the day.,clear-day,"ZBAA,54511099999"
1590,1590,2017,Beijing,33.0,13.0,23.3,30.6,13.0,22.7,8.0,44.7,0.0,0,0.0,,,,43.2,25.2,278.8,1005.7,28.7,10.9,327.9,28.4,10,,2017-05-10T05:04:38,2017-05-10T19:17:39,0.47,Partially cloudy,Clearing in the afternoon.,partly-cloudy-day,"ZBAA,54511099999"
1695,1695,2017,Beijing,33.0,24.0,27.6,35.3,24.0,28.7,22.3,75.9,36.1,100,16.67,rain,,,54.0,28.8,296.4,1005.5,49.2,9.2,241.9,20.8,9,,2017-08-23T05:33:29,2017-08-23T19:00:03,0.04,"Rain, Partially cloudy",Partly cloudy throughout the day with a chance of rain throughout the day.,precipitation,"ZBAA,54511099999"
3857,3857,2023,Beijing,33.0,21.5,27.7,36.1,21.5,29.6,70.6,71.3,0.157,100,4.17,rain,0.0,0.0,38.0,17.9,155.9,1007.3,18.7,7.2,320.9,27.7,9,10.0,2023-07-25T05:06:11,2023-07-25T19:35:23,0.25,Rain,Clear conditions throughout the day with early morning rain.,precipitation,"ZBAA,54511099999"
